chrom	start	end	tcn.em	lcn.em	sample
3548	chr1	13300	964254	5	2	CN_1_1_CKDN200002992-1A_H57L2DSXY_L1
3549	chr1	965125	16503700	5	2	CN_1_1_CKDN200002992-1A_H57L2DSXY_L1
3550	chr1	16505300	16796302	6	3	CN_1_1_CKDN200002992-1A_H57L2DSXY_L1
3551	chr1	16796500	53051300	5	2	CN_1_1_CKDN200002992-1A_H57L2DSXY_L1
3552	chr1	53052400	53656357	5	2	CN_1_1_CKDN200002992-1A_H57L2DSXY_L1
3553	chr1	53658700	83529233	5	2	CN_1_1_CKDN200002992-1A_H57L2DSXY_L1
3554	chr1	83529700	121636000	5	2	CN_1_1_CKDN200002992-1A_H57L2DSXY_L1
3555	chr1	121637700	144104600	6	NA	CN_1_1_CKDN200002992-1A_H57L2DSXY_L1
3556	chr1	144438000	149820500	4	NA	CN_1_1_CKDN200002992-1A_H57L2DSXY_L1
3557	chr1	149849326	248382917	3	1	CN_1_1_CKDN200002992-1A_H57L2DSXY_L1
3558	chr1	248383600	248944400	4	NA	CN_1_1_CKDN200002992-1A_H57L2DSXY_L1
3559	chr2	740580	75862021	1	0	CN_1_1_CKDN200002992-1A_H57L2DSXY_L1
3560	chr2	77748685	91891000	5	2	CN_1_1_CKDN200002992-1A_H57L2DSXY_L1
3561	chr2	91891100	95784100	4	NA	CN_1_1_CKDN200002992-1A_H57L2DSXY_L1
3562	chr2	95850100	95959097	6	NA	CN_1_1_CKDN200002992-1A_H57L2DSXY_L1
3563	chr2	95995500	97054786	1	0	CN_1_1_CKDN200002992-1A_H57L2DSXY_L1
3564	chr2	97061705	131602600	4	NA	CN_1_1_CKDN200002992-1A_H57L2DSXY_L1
3565	chr2	132012000	132363797	7	NA	CN_1_1_CKDN200002992-1A_H57L2DSXY_L1
3566	chr2	132793799	240786700	2	NA	CN_1_1_CKDN200002992-1A_H57L2DSXY_L1
3567	chr3	17200	125000	3	NA	CN_1_1_CKDN200002992-1A_H57L2DSXY_L1
3568	chr3	164000	75490657	2	1	CN_1_1_CKDN200002992-1A_H57L2DSXY_L1
3569	chr3	75563900	75785347	5	NA	CN_1_1_CKDN200002992-1A_H57L2DSXY_L1
3570	chr3	75803300	90633800	2	NA	CN_1_1_CKDN200002992-1A_H57L2DSXY_L1
3571	chr3	90720800	93784800	5	NA	CN_1_1_CKDN200002992-1A_H57L2DSXY_L1
3572	chr3	93792406	97698600	2	NA	CN_1_1_CKDN200002992-1A_H57L2DSXY_L1
3573	chr3	97706072	108973300	3	1	CN_1_1_CKDN200002992-1A_H57L2DSXY_L1
3574	chr3	108976700	109030300	5	NA	CN_1_1_CKDN200002992-1A_H57L2DSXY_L1
3575	chr3	109030913	126161525	3	1	CN_1_1_CKDN200002992-1A_H57L2DSXY_L1
3576	chr3	126165361	131915909	4	1	CN_1_1_CKDN200002992-1A_H57L2DSXY_L1
3577	chr3	131916700	179682593	3	1	CN_1_1_CKDN200002992-1A_H57L2DSXY_L1
3578	chr3	179682880	186848537	4	1	CN_1_1_CKDN200002992-1A_H57L2DSXY_L1
3579	chr3	186848900	195615500	3	1	CN_1_1_CKDN200002992-1A_H57L2DSXY_L1
3580	chr3	195616988	195786684	5	2	CN_1_1_CKDN200002992-1A_H57L2DSXY_L1
3581	chr3	195788516	196025600	4	2	CN_1_1_CKDN200002992-1A_H57L2DSXY_L1
3582	chr3	196026194	197198440	3	1	CN_1_1_CKDN200002992-1A_H57L2DSXY_L1
3583	chr3	197198946	198191100	4	2	CN_1_1_CKDN200002992-1A_H57L2DSXY_L1
3584	chr4	15100	68300	6	NA	CN_1_1_CKDN200002992-1A_H57L2DSXY_L1
3585	chr4	103600	9368938	2	NA	CN_1_1_CKDN200002992-1A_H57L2DSXY_L1
3586	chr4	9473673	49072934	1	0	CN_1_1_CKDN200002992-1A_H57L2DSXY_L1
3587	chr4	49091400	51723900	7	3	CN_1_1_CKDN200002992-1A_H57L2DSXY_L1
3588	chr4	51842889	123245700	2	NA	CN_1_1_CKDN200002992-1A_H57L2DSXY_L1
3589	chr4	123260500	126300200	5	NA	CN_1_1_CKDN200002992-1A_H57L2DSXY_L1
3590	chr4	126333300	159721900	3	NA	CN_1_1_CKDN200002992-1A_H57L2DSXY_L1
3591	chr4	159735700	159864788	6	NA	CN_1_1_CKDN200002992-1A_H57L2DSXY_L1
3592	chr4	161711300	190119500	2	1	CN_1_1_CKDN200002992-1A_H57L2DSXY_L1
3593	chr5	11700	848020	5	2	CN_1_1_CKDN200002992-1A_H57L2DSXY_L1
3594	chr5	848800	46428900	5	2	CN_1_1_CKDN200002992-1A_H57L2DSXY_L1
3595	chr5	46433700	50145844	5	NA	CN_1_1_CKDN200002992-1A_H57L2DSXY_L1
3596	chr5	50146132	58536700	5	2	CN_1_1_CKDN200002992-1A_H57L2DSXY_L1
3597	chr5	58538100	122043500	5	2	CN_1_1_CKDN200002992-1A_H57L2DSXY_L1
3598	chr5	122044080	131284100	5	2	CN_1_1_CKDN200002992-1A_H57L2DSXY_L1
3599	chr5	131284300	134965900	4	2	CN_1_1_CKDN200002992-1A_H57L2DSXY_L1
3600	chr5	134966600	137853800	5	2	CN_1_1_CKDN200002992-1A_H57L2DSXY_L1
3601	chr5	137854264	139700400	3	1	CN_1_1_CKDN200002992-1A_H57L2DSXY_L1
3602	chr5	139700830	174371800	5	2	CN_1_1_CKDN200002992-1A_H57L2DSXY_L1
3603	chr5	174371863	179922064	4	2	CN_1_1_CKDN200002992-1A_H57L2DSXY_L1
3604	chr5	179923000	180594000	5	2	CN_1_1_CKDN200002992-1A_H57L2DSXY_L1
3605	chr5	180594200	181476200	5	2	CN_1_1_CKDN200002992-1A_H57L2DSXY_L1
3606	chr6	152100	382200	5	2	CN_1_1_CKDN200002992-1A_H57L2DSXY_L1
3607	chr6	383200	13512216	3	1	CN_1_1_CKDN200002992-1A_H57L2DSXY_L1
3608	chr6	13514164	45552800	3	1	CN_1_1_CKDN200002992-1A_H57L2DSXY_L1
3609	chr6	45558500	58425500	3	1	CN_1_1_CKDN200002992-1A_H57L2DSXY_L1
3610	chr6	58432608	170743300	4	2	CN_1_1_CKDN200002992-1A_H57L2DSXY_L1
3611	chr7	37445	56866705	2	0	CN_1_1_CKDN200002992-1A_H57L2DSXY_L1
3612	chr7	56873400	65752900	5	2	CN_1_1_CKDN200002992-1A_H57L2DSXY_L1
3613	chr7	65763100	102431800	2	0	CN_1_1_CKDN200002992-1A_H57L2DSXY_L1
3614	chr7	102434589	102854802	4	NA	CN_1_1_CKDN200002992-1A_H57L2DSXY_L1
3615	chr7	102900100	142400300	2	0	CN_1_1_CKDN200002992-1A_H57L2DSXY_L1
3616	chr7	142415902	144375899	4	NA	CN_1_1_CKDN200002992-1A_H57L2DSXY_L1
3617	chr7	144424500	152171500	2	0	CN_1_1_CKDN200002992-1A_H57L2DSXY_L1
3618	chr7	152221800	152410128	7	NA	CN_1_1_CKDN200002992-1A_H57L2DSXY_L1
3619	chr7	152416252	159332972	2	0	CN_1_1_CKDN200002992-1A_H57L2DSXY_L1
3620	chr8	196300	7345060	3	1	CN_1_1_CKDN200002992-1A_H57L2DSXY_L1
3621	chr8	7348100	8233063	5	NA	CN_1_1_CKDN200002992-1A_H57L2DSXY_L1
3622	chr8	8234652	12125400	3	1	CN_1_1_CKDN200002992-1A_H57L2DSXY_L1
3623	chr8	12129968	12624601	5	2	CN_1_1_CKDN200002992-1A_H57L2DSXY_L1
3624	chr8	12633276	145075300	3	1	CN_1_1_CKDN200002992-1A_H57L2DSXY_L1
3625	chr9	10775	2503101	6	3	CN_1_1_CKDN200002992-1A_H57L2DSXY_L1
3626	chr9	2504819	38925300	5	2	CN_1_1_CKDN200002992-1A_H57L2DSXY_L1
3627	chr9	38925700	68352200	6	3	CN_1_1_CKDN200002992-1A_H57L2DSXY_L1
3628	chr9	68352569	123498900	5	2	CN_1_1_CKDN200002992-1A_H57L2DSXY_L1
3629	chr9	123501033	137026100	5	2	CN_1_1_CKDN200002992-1A_H57L2DSXY_L1
3630	chr9	137027000	138232259	5	2	CN_1_1_CKDN200002992-1A_H57L2DSXY_L1
3631	chr10	11600	28364416	5	2	CN_1_1_CKDN200002992-1A_H57L2DSXY_L1
3632	chr10	28365000	30338000	6	3	CN_1_1_CKDN200002992-1A_H57L2DSXY_L1
3633	chr10	30338337	38519093	5	2	CN_1_1_CKDN200002992-1A_H57L2DSXY_L1
3634	chr10	38521800	41847616	5	2	CN_1_1_CKDN200002992-1A_H57L2DSXY_L1
3635	chr10	41847986	42167071	6	3	CN_1_1_CKDN200002992-1A_H57L2DSXY_L1
3636	chr10	42167382	42292800	5	NA	CN_1_1_CKDN200002992-1A_H57L2DSXY_L1
3637	chr10	42294800	46411495	5	2	CN_1_1_CKDN200002992-1A_H57L2DSXY_L1
3638	chr10	46413200	46725800	6	3	CN_1_1_CKDN200002992-1A_H57L2DSXY_L1
3639	chr10	46726100	47533200	5	NA	CN_1_1_CKDN200002992-1A_H57L2DSXY_L1
3640	chr10	47537600	48181200	5	NA	CN_1_1_CKDN200002992-1A_H57L2DSXY_L1
3641	chr10	48182200	72153700	5	2	CN_1_1_CKDN200002992-1A_H57L2DSXY_L1
3642	chr10	72154300	74867500	4	2	CN_1_1_CKDN200002992-1A_H57L2DSXY_L1
3643	chr10	74870600	82516100	5	2	CN_1_1_CKDN200002992-1A_H57L2DSXY_L1
3644	chr10	82516800	133554000	3	1	CN_1_1_CKDN200002992-1A_H57L2DSXY_L1
3645	chr10	133557000	133783700	4	NA	CN_1_1_CKDN200002992-1A_H57L2DSXY_L1
3646	chr11	133500	50819000	3	1	CN_1_1_CKDN200002992-1A_H57L2DSXY_L1
3647	chr11	50820327	54548625	4	NA	CN_1_1_CKDN200002992-1A_H57L2DSXY_L1
3648	chr11	54549092	89720400	3	1	CN_1_1_CKDN200002992-1A_H57L2DSXY_L1
3649	chr11	89720627	90104800	5	NA	CN_1_1_CKDN200002992-1A_H57L2DSXY_L1
3650	chr11	90107800	98184400	3	1	CN_1_1_CKDN200002992-1A_H57L2DSXY_L1
3651	chr11	98198349	135065500	1	0	CN_1_1_CKDN200002992-1A_H57L2DSXY_L1
3652	chr12	11800	184852	5	2	CN_1_1_CKDN200002992-1A_H57L2DSXY_L1
3653	chr12	188777	34711800	4	2	CN_1_1_CKDN200002992-1A_H57L2DSXY_L1
3654	chr12	34713000	37270300	6	NA	CN_1_1_CKDN200002992-1A_H57L2DSXY_L1
3655	chr12	37273600	48817654	4	2	CN_1_1_CKDN200002992-1A_H57L2DSXY_L1
3656	chr12	48818130	53629300	4	1	CN_1_1_CKDN200002992-1A_H57L2DSXY_L1
3657	chr12	53629500	108633111	4	2	CN_1_1_CKDN200002992-1A_H57L2DSXY_L1
3658	chr12	108634300	124609400	3	1	CN_1_1_CKDN200002992-1A_H57L2DSXY_L1
3659	chr12	124611853	133260278	4	2	CN_1_1_CKDN200002992-1A_H57L2DSXY_L1
3660	chr13	16003500	16099800	4	NA	CN_1_1_CKDN200002992-1A_H57L2DSXY_L1
3661	chr13	16106500	18926503	7	3	CN_1_1_CKDN200002992-1A_H57L2DSXY_L1
3662	chr13	18951700	114344024	5	2	CN_1_1_CKDN200002992-1A_H57L2DSXY_L1
3663	chr14	16031400	19485500	6	NA	CN_1_1_CKDN200002992-1A_H57L2DSXY_L1
3664	chr14	19813700	72500960	2	0	CN_1_1_CKDN200002992-1A_H57L2DSXY_L1
3665	chr14	72504254	72884400	10	4	CN_1_1_CKDN200002992-1A_H57L2DSXY_L1
3666	chr14	72890264	73746500	6	2	CN_1_1_CKDN200002992-1A_H57L2DSXY_L1
3667	chr14	73746663	74322200	8	3	CN_1_1_CKDN200002992-1A_H57L2DSXY_L1
3668	chr14	74322849	74777900	10	4	CN_1_1_CKDN200002992-1A_H57L2DSXY_L1
3669	chr14	74778247	74831349	8	3	CN_1_1_CKDN200002992-1A_H57L2DSXY_L1
3670	chr14	74831979	74931000	5	2	CN_1_1_CKDN200002992-1A_H57L2DSXY_L1
3671	chr14	74933237	75095700	3	NA	CN_1_1_CKDN200002992-1A_H57L2DSXY_L1
3672	chr14	75097300	75199954	5	NA	CN_1_1_CKDN200002992-1A_H57L2DSXY_L1
3673	chr14	75200200	75649024	8	3	CN_1_1_CKDN200002992-1A_H57L2DSXY_L1
3674	chr14	75649539	76303400	6	2	CN_1_1_CKDN200002992-1A_H57L2DSXY_L1
3675	chr14	76303865	78473344	4	0	CN_1_1_CKDN200002992-1A_H57L2DSXY_L1
3676	chr14	78478200	78747500	8	3	CN_1_1_CKDN200002992-1A_H57L2DSXY_L1
3677	chr14	78748198	82024803	4	0	CN_1_1_CKDN200002992-1A_H57L2DSXY_L1
3678	chr14	82025510	82382400	6	3	CN_1_1_CKDN200002992-1A_H57L2DSXY_L1
3679	chr14	82383200	82552213	3	NA	CN_1_1_CKDN200002992-1A_H57L2DSXY_L1
3680	chr14	82560600	82958500	8	3	CN_1_1_CKDN200002992-1A_H57L2DSXY_L1
3681	chr14	82961625	105571660	4	0	CN_1_1_CKDN200002992-1A_H57L2DSXY_L1
3682	chr14	105582800	106369427	6	2	CN_1_1_CKDN200002992-1A_H57L2DSXY_L1
3683	chr14	106374200	106880740	4	NA	CN_1_1_CKDN200002992-1A_H57L2DSXY_L1
3684	chr15	17000700	21293000	6	3	CN_1_1_CKDN200002992-1A_H57L2DSXY_L1
3685	chr15	21296000	23120900	3	1	CN_1_1_CKDN200002992-1A_H57L2DSXY_L1
3686	chr15	23133000	23358164	5	NA	CN_1_1_CKDN200002992-1A_H57L2DSXY_L1
3687	chr15	23358500	28289514	2	1	CN_1_1_CKDN200002992-1A_H57L2DSXY_L1
3688	chr15	28303206	28564768	4	NA	CN_1_1_CKDN200002992-1A_H57L2DSXY_L1
3689	chr15	28662224	101900937	2	1	CN_1_1_CKDN200002992-1A_H57L2DSXY_L1
3690	chr15	101909000	101980551	5	NA	CN_1_1_CKDN200002992-1A_H57L2DSXY_L1
3691	chr16	11000	14833400	3	1	CN_1_1_CKDN200002992-1A_H57L2DSXY_L1
3692	chr16	14862800	15274200	5	2	CN_1_1_CKDN200002992-1A_H57L2DSXY_L1
3693	chr16	15274900	18147870	3	1	CN_1_1_CKDN200002992-1A_H57L2DSXY_L1
3694	chr16	18160583	18744600	4	NA	CN_1_1_CKDN200002992-1A_H57L2DSXY_L1
3695	chr16	18771935	21370947	3	1	CN_1_1_CKDN200002992-1A_H57L2DSXY_L1
3696	chr16	21380500	21582200	5	2	CN_1_1_CKDN200002992-1A_H57L2DSXY_L1
3697	chr16	21582400	22444898	3	NA	CN_1_1_CKDN200002992-1A_H57L2DSXY_L1
3698	chr16	22448164	22699100	5	2	CN_1_1_CKDN200002992-1A_H57L2DSXY_L1
3699	chr16	22722915	32085900	3	1	CN_1_1_CKDN200002992-1A_H57L2DSXY_L1
3700	chr16	32087200	34957100	4	NA	CN_1_1_CKDN200002992-1A_H57L2DSXY_L1
3701	chr16	34959100	46536703	3	NA	CN_1_1_CKDN200002992-1A_H57L2DSXY_L1
3702	chr16	46538800	90226937	3	1	CN_1_1_CKDN200002992-1A_H57L2DSXY_L1
3703	chr17	72900	650600	5	2	CN_1_1_CKDN200002992-1A_H57L2DSXY_L1
3704	chr17	650900	7943097	4	1	CN_1_1_CKDN200002992-1A_H57L2DSXY_L1
3705	chr17	7943400	21276000	4	2	CN_1_1_CKDN200002992-1A_H57L2DSXY_L1
3706	chr17	21277608	22159047	5	2	CN_1_1_CKDN200002992-1A_H57L2DSXY_L1
3707	chr17	22161200	22821700	4	NA	CN_1_1_CKDN200002992-1A_H57L2DSXY_L1
3708	chr17	22822100	26989435	5	2	CN_1_1_CKDN200002992-1A_H57L2DSXY_L1
3709	chr17	26989800	28019855	5	2	CN_1_1_CKDN200002992-1A_H57L2DSXY_L1
3710	chr17	28023100	36157738	4	2	CN_1_1_CKDN200002992-1A_H57L2DSXY_L1
3711	chr17	36158849	36443800	6	NA	CN_1_1_CKDN200002992-1A_H57L2DSXY_L1
3712	chr17	36444307	49861158	3	1	CN_1_1_CKDN200002992-1A_H57L2DSXY_L1
3713	chr17	49862600	75663800	4	2	CN_1_1_CKDN200002992-1A_H57L2DSXY_L1
3714	chr17	75666932	83244700	3	1	CN_1_1_CKDN200002992-1A_H57L2DSXY_L1
3715	chr18	15000	15338889	3	1	CN_1_1_CKDN200002992-1A_H57L2DSXY_L1
3716	chr18	15341100	20957700	5	NA	CN_1_1_CKDN200002992-1A_H57L2DSXY_L1
3717	chr18	20963282	80259147	3	1	CN_1_1_CKDN200002992-1A_H57L2DSXY_L1
3718	chr19	75000	24318300	3	1	CN_1_1_CKDN200002992-1A_H57L2DSXY_L1
3719	chr19	24330498	27407079	6	3	CN_1_1_CKDN200002992-1A_H57L2DSXY_L1
3720	chr19	27440337	58604619	3	1	CN_1_1_CKDN200002992-1A_H57L2DSXY_L1
3721	chr20	61400	25764393	4	2	CN_1_1_CKDN200002992-1A_H57L2DSXY_L1
3722	chr20	25770200	31076700	5	2	CN_1_1_CKDN200002992-1A_H57L2DSXY_L1
3723	chr20	31077300	31516591	4	NA	CN_1_1_CKDN200002992-1A_H57L2DSXY_L1
3724	chr20	31517004	33442500	3	1	CN_1_1_CKDN200002992-1A_H57L2DSXY_L1
3725	chr20	33442711	37514129	3	1	CN_1_1_CKDN200002992-1A_H57L2DSXY_L1
3726	chr20	37514458	64048900	3	1	CN_1_1_CKDN200002992-1A_H57L2DSXY_L1
3727	chr20	64050100	64333300	4	2	CN_1_1_CKDN200002992-1A_H57L2DSXY_L1
3728	chr21	5085900	5160800	3	NA	CN_1_1_CKDN200002992-1A_H57L2DSXY_L1
3729	chr21	5216900	10272500	6	2	CN_1_1_CKDN200002992-1A_H57L2DSXY_L1
3730	chr21	10325700	10577661	8	3	CN_1_1_CKDN200002992-1A_H57L2DSXY_L1
3731	chr21	10578100	13202700	7	2	CN_1_1_CKDN200002992-1A_H57L2DSXY_L1
3732	chr21	13203300	13869329	4	NA	CN_1_1_CKDN200002992-1A_H57L2DSXY_L1
3733	chr21	13870243	13900521	7	3	CN_1_1_CKDN200002992-1A_H57L2DSXY_L1
3734	chr21	13902600	30141600	5	2	CN_1_1_CKDN200002992-1A_H57L2DSXY_L1
3735	chr21	30145400	46558839	5	2	CN_1_1_CKDN200002992-1A_H57L2DSXY_L1
3736	chr21	46560599	46697400	5	NA	CN_1_1_CKDN200002992-1A_H57L2DSXY_L1
3737	chr22	10557900	16533000	6	2	CN_1_1_CKDN200002992-1A_H57L2DSXY_L1
3738	chr22	16537664	37704300	5	2	CN_1_1_CKDN200002992-1A_H57L2DSXY_L1
3739	chr22	37705600	50148400	5	1	CN_1_1_CKDN200002992-1A_H57L2DSXY_L1
3740	chr22	50148885	50673400	5	2	CN_1_1_CKDN200002992-1A_H57L2DSXY_L1
3741	chr22	50673800	50801200	4	NA	CN_1_1_CKDN200002992-1A_H57L2DSXY_L1
3742	chr23	14600	156029565	5	2	CN_1_1_CKDN200002992-1A_H57L2DSXY_L1
3743	chr1	13300	7758100	3	1	CN_6_1_CKDN200002994-1A_H57L2DSXY_L1
3744	chr1	7760143	16511100	3	0	CN_6_1_CKDN200002994-1A_H57L2DSXY_L1
3745	chr1	16511739	16873200	4	2	CN_6_1_CKDN200002994-1A_H57L2DSXY_L1
3746	chr1	16873719	20678644	3	1	CN_6_1_CKDN200002994-1A_H57L2DSXY_L1
3747	chr1	20679500	53004942	3	0	CN_6_1_CKDN200002994-1A_H57L2DSXY_L1
3748	chr1	53005100	75983300	3	0	CN_6_1_CKDN200002994-1A_H57L2DSXY_L1
3749	chr1	75985926	121752200	3	1	CN_6_1_CKDN200002994-1A_H57L2DSXY_L1
3750	chr1	121752600	144455600	4	NA	CN_6_1_CKDN200002994-1A_H57L2DSXY_L1
3751	chr1	144470800	149820500	2	NA	CN_6_1_CKDN200002994-1A_H57L2DSXY_L1
3752	chr1	149849300	223946100	1	0	CN_6_1_CKDN200002994-1A_H57L2DSXY_L1
3753	chr1	223948300	224014700	5	NA	CN_6_1_CKDN200002994-1A_H57L2DSXY_L1
3754	chr1	224038670	248326692	1	0	CN_6_1_CKDN200002994-1A_H57L2DSXY_L1
3755	chr1	248340913	248944400	3	NA	CN_6_1_CKDN200002994-1A_H57L2DSXY_L1
3756	chr2	740504	74372485	1	0	CN_6_1_CKDN200002994-1A_H57L2DSXY_L1
3757	chr2	74561100	132363797	5	2	CN_6_1_CKDN200002994-1A_H57L2DSXY_L1
3758	chr2	132793800	240786700	1	0	CN_6_1_CKDN200002994-1A_H57L2DSXY_L1
3759	chr3	17200	90540900	4	2	CN_6_1_CKDN200002994-1A_H57L2DSXY_L1
3760	chr3	90559900	93784800	5	NA	CN_6_1_CKDN200002994-1A_H57L2DSXY_L1
3761	chr3	93792400	97698600	3	NA	CN_6_1_CKDN200002994-1A_H57L2DSXY_L1
3762	chr3	97706137	108973300	5	2	CN_6_1_CKDN200002994-1A_H57L2DSXY_L1
3763	chr3	108976700	109029600	6	NA	CN_6_1_CKDN200002994-1A_H57L2DSXY_L1
3764	chr3	109029700	195617500	5	2	CN_6_1_CKDN200002994-1A_H57L2DSXY_L1
3765	chr3	195617900	195996787	5	2	CN_6_1_CKDN200002994-1A_H57L2DSXY_L1
3766	chr3	195997607	198191100	5	2	CN_6_1_CKDN200002994-1A_H57L2DSXY_L1
3767	chr4	14900	67400	4	NA	CN_6_1_CKDN200002994-1A_H57L2DSXY_L1
3768	chr4	68300	9243500	2	NA	CN_6_1_CKDN200002994-1A_H57L2DSXY_L1
3769	chr4	9243900	9369000	7	NA	CN_6_1_CKDN200002994-1A_H57L2DSXY_L1
3770	chr4	9473673	49072934	1	0	CN_6_1_CKDN200002994-1A_H57L2DSXY_L1
3771	chr4	49091300	51842800	6	2	CN_6_1_CKDN200002994-1A_H57L2DSXY_L1
3772	chr4	51902900	173391100	1	0	CN_6_1_CKDN200002994-1A_H57L2DSXY_L1
3773	chr4	173799600	190119500	3	1	CN_6_1_CKDN200002994-1A_H57L2DSXY_L1
3774	chr5	11500	685085	5	2	CN_6_1_CKDN200002994-1A_H57L2DSXY_L1
3775	chr5	685500	779300	6	3	CN_6_1_CKDN200002994-1A_H57L2DSXY_L1
3776	chr5	779800	1938500	5	2	CN_6_1_CKDN200002994-1A_H57L2DSXY_L1
3777	chr5	1938795	46416000	5	2	CN_6_1_CKDN200002994-1A_H57L2DSXY_L1
3778	chr5	46416800	50159201	5	NA	CN_6_1_CKDN200002994-1A_H57L2DSXY_L1
3779	chr5	50159755	52476700	3	1	CN_6_1_CKDN200002994-1A_H57L2DSXY_L1
3780	chr5	52477088	58682370	4	2	CN_6_1_CKDN200002994-1A_H57L2DSXY_L1
3781	chr5	58682650	138348615	3	1	CN_6_1_CKDN200002994-1A_H57L2DSXY_L1
3782	chr5	138349043	139621734	3	1	CN_6_1_CKDN200002994-1A_H57L2DSXY_L1
3783	chr5	139622245	180627600	3	1	CN_6_1_CKDN200002994-1A_H57L2DSXY_L1
3784	chr5	180627904	181476200	5	2	CN_6_1_CKDN200002994-1A_H57L2DSXY_L1
3785	chr6	152200	249900	3	NA	CN_6_1_CKDN200002994-1A_H57L2DSXY_L1
3786	chr6	256765	383201	5	2	CN_6_1_CKDN200002994-1A_H57L2DSXY_L1
3787	chr6	384970	1130400	3	NA	CN_6_1_CKDN200002994-1A_H57L2DSXY_L1
3788	chr6	1132700	32467267	3	1	CN_6_1_CKDN200002994-1A_H57L2DSXY_L1
3789	chr6	32471200	32589891	5	2	CN_6_1_CKDN200002994-1A_H57L2DSXY_L1
3790	chr6	32593424	57247418	3	1	CN_6_1_CKDN200002994-1A_H57L2DSXY_L1
3791	chr6	57248700	170743400	4	2	CN_6_1_CKDN200002994-1A_H57L2DSXY_L1
3792	chr7	37445	56794171	1	0	CN_6_1_CKDN200002994-1A_H57L2DSXY_L1
3793	chr7	56802015	65817600	3	0	CN_6_1_CKDN200002994-1A_H57L2DSXY_L1
3794	chr7	65818781	102468200	1	0	CN_6_1_CKDN200002994-1A_H57L2DSXY_L1
3795	chr7	102482200	102692500	3	NA	CN_6_1_CKDN200002994-1A_H57L2DSXY_L1
3796	chr7	102774400	143524700	1	0	CN_6_1_CKDN200002994-1A_H57L2DSXY_L1
3797	chr7	143527500	144375800	4	NA	CN_6_1_CKDN200002994-1A_H57L2DSXY_L1
3798	chr7	144424500	152221800	1	0	CN_6_1_CKDN200002994-1A_H57L2DSXY_L1
3799	chr7	152229900	152409800	6	NA	CN_6_1_CKDN200002994-1A_H57L2DSXY_L1
3800	chr7	152410128	159332972	1	0	CN_6_1_CKDN200002994-1A_H57L2DSXY_L1
3801	chr8	196300	6967974	4	2	CN_6_1_CKDN200002994-1A_H57L2DSXY_L1
3802	chr8	6973200	8233200	6	3	CN_6_1_CKDN200002994-1A_H57L2DSXY_L1
3803	chr8	8234600	12151100	4	2	CN_6_1_CKDN200002994-1A_H57L2DSXY_L1
3804	chr8	12157200	12599500	6	3	CN_6_1_CKDN200002994-1A_H57L2DSXY_L1
3805	chr8	12600465	145075300	4	2	CN_6_1_CKDN200002994-1A_H57L2DSXY_L1
3806	chr9	10775	125500	5	NA	CN_6_1_CKDN200002994-1A_H57L2DSXY_L1
3807	chr9	126700	2427430	5	2	CN_6_1_CKDN200002994-1A_H57L2DSXY_L1
3808	chr9	2428800	37896187	4	2	CN_6_1_CKDN200002994-1A_H57L2DSXY_L1
3809	chr9	37896600	38831300	5	2	CN_6_1_CKDN200002994-1A_H57L2DSXY_L1
3810	chr9	38835964	42070737	5	2	CN_6_1_CKDN200002994-1A_H57L2DSXY_L1
3811	chr9	42074600	62077900	4	2	CN_6_1_CKDN200002994-1A_H57L2DSXY_L1
3812	chr9	62086200	68421043	6	2	CN_6_1_CKDN200002994-1A_H57L2DSXY_L1
3813	chr9	68424260	122366256	3	0	CN_6_1_CKDN200002994-1A_H57L2DSXY_L1
3814	chr9	122367354	134149000	3	0	CN_6_1_CKDN200002994-1A_H57L2DSXY_L1
3815	chr9	134149800	138232259	3	1	CN_6_1_CKDN200002994-1A_H57L2DSXY_L1
3816	chr10	11500	28362609	5	2	CN_6_1_CKDN200002994-1A_H57L2DSXY_L1
3817	chr10	28362946	30337293	6	3	CN_6_1_CKDN200002994-1A_H57L2DSXY_L1
3818	chr10	30338000	38610375	5	2	CN_6_1_CKDN200002994-1A_H57L2DSXY_L1
3819	chr10	38610700	41839840	5	2	CN_6_1_CKDN200002994-1A_H57L2DSXY_L1
3820	chr10	41840400	42166555	6	3	CN_6_1_CKDN200002994-1A_H57L2DSXY_L1
3821	chr10	42166724	46443274	5	2	CN_6_1_CKDN200002994-1A_H57L2DSXY_L1
3822	chr10	46443714	46602500	6	3	CN_6_1_CKDN200002994-1A_H57L2DSXY_L1
3823	chr10	46638300	49040053	5	2	CN_6_1_CKDN200002994-1A_H57L2DSXY_L1
3824	chr10	49043048	72341400	5	2	CN_6_1_CKDN200002994-1A_H57L2DSXY_L1
3825	chr10	72342200	74685000	3	1	CN_6_1_CKDN200002994-1A_H57L2DSXY_L1
3826	chr10	74685700	82510500	5	2	CN_6_1_CKDN200002994-1A_H57L2DSXY_L1
3827	chr10	82516100	133610406	4	2	CN_6_1_CKDN200002994-1A_H57L2DSXY_L1
3828	chr10	133616400	133783700	6	NA	CN_6_1_CKDN200002994-1A_H57L2DSXY_L1
3829	chr11	133400	4196006	3	1	CN_6_1_CKDN200002994-1A_H57L2DSXY_L1
3830	chr11	4201815	4348300	4	1	CN_6_1_CKDN200002994-1A_H57L2DSXY_L1
3831	chr11	4349700	50819007	3	1	CN_6_1_CKDN200002994-1A_H57L2DSXY_L1
3832	chr11	50820344	54549476	4	NA	CN_6_1_CKDN200002994-1A_H57L2DSXY_L1
3833	chr11	54551048	56707093	3	NA	CN_6_1_CKDN200002994-1A_H57L2DSXY_L1
3834	chr11	56707961	89683000	3	0	CN_6_1_CKDN200002994-1A_H57L2DSXY_L1
3835	chr11	89720400	90055500	4	NA	CN_6_1_CKDN200002994-1A_H57L2DSXY_L1
3836	chr11	90095400	135065500	3	0	CN_6_1_CKDN200002994-1A_H57L2DSXY_L1
3837	chr12	11600	480500	4	2	CN_6_1_CKDN200002994-1A_H57L2DSXY_L1
3838	chr12	481800	22199000	3	1	CN_6_1_CKDN200002994-1A_H57L2DSXY_L1
3839	chr12	22200275	34716000	4	2	CN_6_1_CKDN200002994-1A_H57L2DSXY_L1
3840	chr12	34718600	37266700	5	NA	CN_6_1_CKDN200002994-1A_H57L2DSXY_L1
3841	chr12	37270300	37321500	3	NA	CN_6_1_CKDN200002994-1A_H57L2DSXY_L1
3842	chr12	37322900	123425932	3	1	CN_6_1_CKDN200002994-1A_H57L2DSXY_L1
3843	chr12	123428900	133260279	4	2	CN_6_1_CKDN200002994-1A_H57L2DSXY_L1
3844	chr13	16003600	18615800	6	2	CN_6_1_CKDN200002994-1A_H57L2DSXY_L1
3845	chr13	18616200	114344070	2	0	CN_6_1_CKDN200002994-1A_H57L2DSXY_L1
3846	chr14	16031400	24738931	5	NA	CN_6_1_CKDN200002994-1A_H57L2DSXY_L1
3847	chr14	25049400	36938600	3	NA	CN_6_1_CKDN200002994-1A_H57L2DSXY_L1
3848	chr14	36993642	72419567	2	0	CN_6_1_CKDN200002994-1A_H57L2DSXY_L1
3849	chr14	72423700	73114242	2	0	CN_6_1_CKDN200002994-1A_H57L2DSXY_L1
3850	chr14	73121900	73143700	2	NA	CN_6_1_CKDN200002994-1A_H57L2DSXY_L1
3851	chr14	73144400	74318231	3	0	CN_6_1_CKDN200002994-1A_H57L2DSXY_L1
3852	chr14	74318347	74769341	2	0	CN_6_1_CKDN200002994-1A_H57L2DSXY_L1
3853	chr14	74769600	75915820	3	0	CN_6_1_CKDN200002994-1A_H57L2DSXY_L1
3854	chr14	75917132	75933813	3	NA	CN_6_1_CKDN200002994-1A_H57L2DSXY_L1
3855	chr14	75934226	78495080	3	1	CN_6_1_CKDN200002994-1A_H57L2DSXY_L1
3856	chr14	78495400	78927500	3	0	CN_6_1_CKDN200002994-1A_H57L2DSXY_L1
3857	chr14	78929600	82500626	3	1	CN_6_1_CKDN200002994-1A_H57L2DSXY_L1
3858	chr14	82503800	82992171	3	0	CN_6_1_CKDN200002994-1A_H57L2DSXY_L1
3859	chr14	82993500	87947200	3	1	CN_6_1_CKDN200002994-1A_H57L2DSXY_L1
3860	chr14	87954600	105555333	3	1	CN_6_1_CKDN200002994-1A_H57L2DSXY_L1
3861	chr14	105558700	106631700	5	2	CN_6_1_CKDN200002994-1A_H57L2DSXY_L1
3862	chr14	106635300	106880800	4	NA	CN_6_1_CKDN200002994-1A_H57L2DSXY_L1
3863	chr15	17000700	21272800	6	2	CN_6_1_CKDN200002994-1A_H57L2DSXY_L1
3864	chr15	21274131	23120953	5	2	CN_6_1_CKDN200002994-1A_H57L2DSXY_L1
3865	chr15	23133004	23397600	5	NA	CN_6_1_CKDN200002994-1A_H57L2DSXY_L1
3866	chr15	23399414	28287000	4	2	CN_6_1_CKDN200002994-1A_H57L2DSXY_L1
3867	chr15	28289514	28514240	5	NA	CN_6_1_CKDN200002994-1A_H57L2DSXY_L1
3868	chr15	28520200	101728400	3	1	CN_6_1_CKDN200002994-1A_H57L2DSXY_L1
3869	chr15	101731800	101980551	4	NA	CN_6_1_CKDN200002994-1A_H57L2DSXY_L1
3870	chr16	11000	14667862	3	1	CN_6_1_CKDN200002994-1A_H57L2DSXY_L1
3871	chr16	14679428	15030100	5	2	CN_6_1_CKDN200002994-1A_H57L2DSXY_L1
3872	chr16	15047800	18069300	3	1	CN_6_1_CKDN200002994-1A_H57L2DSXY_L1
3873	chr16	18083000	18744600	4	NA	CN_6_1_CKDN200002994-1A_H57L2DSXY_L1
3874	chr16	18771935	21353345	3	1	CN_6_1_CKDN200002994-1A_H57L2DSXY_L1
3875	chr16	21355033	21582500	5	2	CN_6_1_CKDN200002994-1A_H57L2DSXY_L1
3876	chr16	21582700	22430400	3	NA	CN_6_1_CKDN200002994-1A_H57L2DSXY_L1
3877	chr16	22432000	22699100	5	2	CN_6_1_CKDN200002994-1A_H57L2DSXY_L1
3878	chr16	22722915	31976936	3	1	CN_6_1_CKDN200002994-1A_H57L2DSXY_L1
3879	chr16	31981018	34576100	4	NA	CN_6_1_CKDN200002994-1A_H57L2DSXY_L1
3880	chr16	34581800	90226900	3	0	CN_6_1_CKDN200002994-1A_H57L2DSXY_L1
3881	chr17	72900	3724100	5	2	CN_6_1_CKDN200002994-1A_H57L2DSXY_L1
3882	chr17	3724460	21274600	5	2	CN_6_1_CKDN200002994-1A_H57L2DSXY_L1
3883	chr17	21275441	22158500	6	3	CN_6_1_CKDN200002994-1A_H57L2DSXY_L1
3884	chr17	22158800	28588979	5	2	CN_6_1_CKDN200002994-1A_H57L2DSXY_L1
3885	chr17	28591345	36146000	4	2	CN_6_1_CKDN200002994-1A_H57L2DSXY_L1
3886	chr17	36149190	36441400	6	NA	CN_6_1_CKDN200002994-1A_H57L2DSXY_L1
3887	chr17	36441700	81182917	4	2	CN_6_1_CKDN200002994-1A_H57L2DSXY_L1
3888	chr17	81183400	82882978	3	1	CN_6_1_CKDN200002994-1A_H57L2DSXY_L1
3889	chr17	82883600	83244800	5	2	CN_6_1_CKDN200002994-1A_H57L2DSXY_L1
3890	chr18	15000	15355412	5	2	CN_6_1_CKDN200002994-1A_H57L2DSXY_L1
3891	chr18	15375400	20963282	6	NA	CN_6_1_CKDN200002994-1A_H57L2DSXY_L1
3892	chr18	20965943	80259147	5	2	CN_6_1_CKDN200002994-1A_H57L2DSXY_L1
3893	chr19	75100	24318300	3	1	CN_6_1_CKDN200002994-1A_H57L2DSXY_L1
3894	chr19	24330498	27407079	5	2	CN_6_1_CKDN200002994-1A_H57L2DSXY_L1
3895	chr19	27440473	58604619	3	0	CN_6_1_CKDN200002994-1A_H57L2DSXY_L1
3896	chr20	61400	20860400	1	0	CN_6_1_CKDN200002994-1A_H57L2DSXY_L1
3897	chr20	20861216	24776900	2	0	CN_6_1_CKDN200002994-1A_H57L2DSXY_L1
3898	chr20	24779100	28525600	2	0	CN_6_1_CKDN200002994-1A_H57L2DSXY_L1
3899	chr20	28525900	29365200	4	NA	CN_6_1_CKDN200002994-1A_H57L2DSXY_L1
3900	chr20	29365700	30759500	3	1	CN_6_1_CKDN200002994-1A_H57L2DSXY_L1
3901	chr20	30812600	31077300	4	NA	CN_6_1_CKDN200002994-1A_H57L2DSXY_L1
3902	chr20	31077600	33361200	3	0	CN_6_1_CKDN200002994-1A_H57L2DSXY_L1
3903	chr20	33362200	37860300	3	0	CN_6_1_CKDN200002994-1A_H57L2DSXY_L1
3904	chr20	37860900	64333200	3	0	CN_6_1_CKDN200002994-1A_H57L2DSXY_L1
3905	chr21	5085900	8844800	5	NA	CN_6_1_CKDN200002994-1A_H57L2DSXY_L1
3906	chr21	8846300	10270600	6	2	CN_6_1_CKDN200002994-1A_H57L2DSXY_L1
3907	chr21	10271900	10565190	7	3	CN_6_1_CKDN200002994-1A_H57L2DSXY_L1
3908	chr21	10565593	14133459	6	2	CN_6_1_CKDN200002994-1A_H57L2DSXY_L1
3909	chr21	14133700	46697300	6	2	CN_6_1_CKDN200002994-1A_H57L2DSXY_L1
3910	chr22	10557900	16531810	6	2	CN_6_1_CKDN200002994-1A_H57L2DSXY_L1
3911	chr22	16532114	27587700	3	0	CN_6_1_CKDN200002994-1A_H57L2DSXY_L1
3912	chr22	27593381	41999400	3	0	CN_6_1_CKDN200002994-1A_H57L2DSXY_L1
3913	chr22	42002700	50801200	3	1	CN_6_1_CKDN200002994-1A_H57L2DSXY_L1
3914	chr23	14612	156029600	5	2	CN_6_1_CKDN200002994-1A_H57L2DSXY_L1
3915	chr1	13300	16501590	5	2	CN_9_1_CKDN200002996-1A_H57L2DSXY_L1
3916	chr1	16503632	16866800	6	3	CN_9_1_CKDN200002996-1A_H57L2DSXY_L1
3917	chr1	16867900	19001583	5	2	CN_9_1_CKDN200002996-1A_H57L2DSXY_L1
3918	chr1	19003300	46454320	5	2	CN_9_1_CKDN200002996-1A_H57L2DSXY_L1
3919	chr1	46455200	56583000	5	2	CN_9_1_CKDN200002996-1A_H57L2DSXY_L1
3920	chr1	56583700	121566482	3	1	CN_9_1_CKDN200002996-1A_H57L2DSXY_L1
3921	chr1	121568570	144104600	5	NA	CN_9_1_CKDN200002996-1A_H57L2DSXY_L1
3922	chr1	144438000	149695981	3	NA	CN_9_1_CKDN200002996-1A_H57L2DSXY_L1
3923	chr1	149724200	234760662	2	0	CN_9_1_CKDN200002996-1A_H57L2DSXY_L1
3924	chr1	234776500	234813700	6	NA	CN_9_1_CKDN200002996-1A_H57L2DSXY_L1
3925	chr1	234815000	248340882	2	1	CN_9_1_CKDN200002996-1A_H57L2DSXY_L1
3926	chr1	248341677	248944400	3	NA	CN_9_1_CKDN200002996-1A_H57L2DSXY_L1
3927	chr2	740580	75862021	2	NA	CN_9_1_CKDN200002996-1A_H57L2DSXY_L1
3928	chr2	77748685	97549667	6	2	CN_9_1_CKDN200002996-1A_H57L2DSXY_L1
3929	chr2	97550201	240786700	3	1	CN_9_1_CKDN200002996-1A_H57L2DSXY_L1
3930	chr3	17200	75563900	2	1	CN_9_1_CKDN200002996-1A_H57L2DSXY_L1
3931	chr3	75629200	75706429	6	NA	CN_9_1_CKDN200002996-1A_H57L2DSXY_L1
3932	chr3	75727600	90540900	2	NA	CN_9_1_CKDN200002996-1A_H57L2DSXY_L1
3933	chr3	90559900	93784800	4	NA	CN_9_1_CKDN200002996-1A_H57L2DSXY_L1
3934	chr3	93792406	97487500	2	NA	CN_9_1_CKDN200002996-1A_H57L2DSXY_L1
3935	chr3	97504262	108973300	3	1	CN_9_1_CKDN200002996-1A_H57L2DSXY_L1
3936	chr3	108976700	109030300	4	NA	CN_9_1_CKDN200002996-1A_H57L2DSXY_L1
3937	chr3	109030913	132125800	3	1	CN_9_1_CKDN200002996-1A_H57L2DSXY_L1
3938	chr3	132127500	154171863	3	1	CN_9_1_CKDN200002996-1A_H57L2DSXY_L1
3939	chr3	154175563	154456827	5	NA	CN_9_1_CKDN200002996-1A_H57L2DSXY_L1
3940	chr3	154457500	176518400	3	1	CN_9_1_CKDN200002996-1A_H57L2DSXY_L1
3941	chr3	176518900	180104823	6	2	CN_9_1_CKDN200002996-1A_H57L2DSXY_L1
3942	chr3	180107900	187171492	5	2	CN_9_1_CKDN200002996-1A_H57L2DSXY_L1
3943	chr3	187171960	195789434	6	2	CN_9_1_CKDN200002996-1A_H57L2DSXY_L1
3944	chr3	195790200	198191100	3	1	CN_9_1_CKDN200002996-1A_H57L2DSXY_L1
3945	chr4	15100	68300	6	NA	CN_9_1_CKDN200002996-1A_H57L2DSXY_L1
3946	chr4	103600	9082431	1	0	CN_9_1_CKDN200002996-1A_H57L2DSXY_L1
3947	chr4	9214600	9505554	4	NA	CN_9_1_CKDN200002996-1A_H57L2DSXY_L1
3948	chr4	9581400	49072934	1	0	CN_9_1_CKDN200002996-1A_H57L2DSXY_L1
3949	chr4	49091400	51723900	6	2	CN_9_1_CKDN200002996-1A_H57L2DSXY_L1
3950	chr4	51842889	177259124	1	0	CN_9_1_CKDN200002996-1A_H57L2DSXY_L1
3951	chr4	177861100	190119500	3	0	CN_9_1_CKDN200002996-1A_H57L2DSXY_L1
3952	chr5	11700	693110	3	0	CN_9_1_CKDN200002996-1A_H57L2DSXY_L1
3953	chr5	693600	779320	3	1	CN_9_1_CKDN200002996-1A_H57L2DSXY_L1
3954	chr5	779700	4313016	2	1	CN_9_1_CKDN200002996-1A_H57L2DSXY_L1
3955	chr5	4314021	20347900	3	1	CN_9_1_CKDN200002996-1A_H57L2DSXY_L1
3956	chr5	20349000	46428900	2	1	CN_9_1_CKDN200002996-1A_H57L2DSXY_L1
3957	chr5	46433700	47279000	4	NA	CN_9_1_CKDN200002996-1A_H57L2DSXY_L1
3958	chr5	47289700	50058600	6	NA	CN_9_1_CKDN200002996-1A_H57L2DSXY_L1
3959	chr5	50111700	58569091	3	1	CN_9_1_CKDN200002996-1A_H57L2DSXY_L1
3960	chr5	58570733	86400200	3	1	CN_9_1_CKDN200002996-1A_H57L2DSXY_L1
3961	chr5	86400682	128216300	3	1	CN_9_1_CKDN200002996-1A_H57L2DSXY_L1
3962	chr5	128216482	130938700	3	1	CN_9_1_CKDN200002996-1A_H57L2DSXY_L1
3963	chr5	130939606	131100900	3	1	CN_9_1_CKDN200002996-1A_H57L2DSXY_L1
3964	chr5	131102613	142243800	3	1	CN_9_1_CKDN200002996-1A_H57L2DSXY_L1
3965	chr5	142244500	173794900	3	1	CN_9_1_CKDN200002996-1A_H57L2DSXY_L1
3966	chr5	173795109	175915000	3	1	CN_9_1_CKDN200002996-1A_H57L2DSXY_L1
3967	chr5	175915286	176166892	5	2	CN_9_1_CKDN200002996-1A_H57L2DSXY_L1
3968	chr5	176167180	179874735	3	1	CN_9_1_CKDN200002996-1A_H57L2DSXY_L1
3969	chr5	179875300	181476200	3	1	CN_9_1_CKDN200002996-1A_H57L2DSXY_L1
3970	chr6	152100	379031	6	2	CN_9_1_CKDN200002996-1A_H57L2DSXY_L1
3971	chr6	379466	382200	4	NA	CN_9_1_CKDN200002996-1A_H57L2DSXY_L1
3972	chr6	383200	957533	2	NA	CN_9_1_CKDN200002996-1A_H57L2DSXY_L1
3973	chr6	966500	15143300	3	1	CN_9_1_CKDN200002996-1A_H57L2DSXY_L1
3974	chr6	15146300	45662700	3	1	CN_9_1_CKDN200002996-1A_H57L2DSXY_L1
3975	chr6	45663900	58313420	4	2	CN_9_1_CKDN200002996-1A_H57L2DSXY_L1
3976	chr6	58314140	60308500	6	NA	CN_9_1_CKDN200002996-1A_H57L2DSXY_L1
3977	chr6	60351400	170584276	2	1	CN_9_1_CKDN200002996-1A_H57L2DSXY_L1
3978	chr6	170588600	170743300	5	NA	CN_9_1_CKDN200002996-1A_H57L2DSXY_L1
3979	chr7	37445	56781276	3	1	CN_9_1_CKDN200002996-1A_H57L2DSXY_L1
3980	chr7	56794171	63759400	5	2	CN_9_1_CKDN200002996-1A_H57L2DSXY_L1
3981	chr7	63761900	65828900	4	NA	CN_9_1_CKDN200002996-1A_H57L2DSXY_L1
3982	chr7	65830500	102484751	2	1	CN_9_1_CKDN200002996-1A_H57L2DSXY_L1
3983	chr7	102485400	102690898	4	NA	CN_9_1_CKDN200002996-1A_H57L2DSXY_L1
3984	chr7	102692500	142440268	2	1	CN_9_1_CKDN200002996-1A_H57L2DSXY_L1
3985	chr7	142451401	144375899	5	NA	CN_9_1_CKDN200002996-1A_H57L2DSXY_L1
3986	chr7	144424500	156560162	2	1	CN_9_1_CKDN200002996-1A_H57L2DSXY_L1
3987	chr7	156567286	159332972	4	2	CN_9_1_CKDN200002996-1A_H57L2DSXY_L1
3988	chr8	196300	7349300	3	0	CN_9_1_CKDN200002996-1A_H57L2DSXY_L1
3989	chr8	7349427	8204300	4	NA	CN_9_1_CKDN200002996-1A_H57L2DSXY_L1
3990	chr8	8233063	12139900	3	0	CN_9_1_CKDN200002996-1A_H57L2DSXY_L1
3991	chr8	12142412	12603800	5	2	CN_9_1_CKDN200002996-1A_H57L2DSXY_L1
3992	chr8	12612019	12688347	3	NA	CN_9_1_CKDN200002996-1A_H57L2DSXY_L1
3993	chr8	12689928	43271900	3	0	CN_9_1_CKDN200002996-1A_H57L2DSXY_L1
3994	chr8	43272442	130396347	3	1	CN_9_1_CKDN200002996-1A_H57L2DSXY_L1
3995	chr8	130397314	131191100	2	0	CN_9_1_CKDN200002996-1A_H57L2DSXY_L1
3996	chr8	131191260	145075300	3	1	CN_9_1_CKDN200002996-1A_H57L2DSXY_L1
3997	chr9	10775	33816900	4	2	CN_9_1_CKDN200002996-1A_H57L2DSXY_L1
3998	chr9	33817966	37320222	3	1	CN_9_1_CKDN200002996-1A_H57L2DSXY_L1
3999	chr9	37323000	38828347	4	2	CN_9_1_CKDN200002996-1A_H57L2DSXY_L1
4000	chr9	38831300	42039100	5	2	CN_9_1_CKDN200002996-1A_H57L2DSXY_L1
4001	chr9	42041349	61725700	5	2	CN_9_1_CKDN200002996-1A_H57L2DSXY_L1
4002	chr9	61729900	68339200	5	2	CN_9_1_CKDN200002996-1A_H57L2DSXY_L1
4003	chr9	68339900	82816000	4	2	CN_9_1_CKDN200002996-1A_H57L2DSXY_L1
4004	chr9	82816641	113296000	3	1	CN_9_1_CKDN200002996-1A_H57L2DSXY_L1
4005	chr9	113297844	122413400	3	1	CN_9_1_CKDN200002996-1A_H57L2DSXY_L1
4006	chr9	122416000	137840400	3	1	CN_9_1_CKDN200002996-1A_H57L2DSXY_L1
4007	chr9	137844657	138232259	4	NA	CN_9_1_CKDN200002996-1A_H57L2DSXY_L1
4008	chr10	11600	28362447	3	1	CN_9_1_CKDN200002996-1A_H57L2DSXY_L1
4009	chr10	28362600	30340000	5	2	CN_9_1_CKDN200002996-1A_H57L2DSXY_L1
4010	chr10	30340833	38503794	3	1	CN_9_1_CKDN200002996-1A_H57L2DSXY_L1
4011	chr10	38505700	42294800	5	2	CN_9_1_CKDN200002996-1A_H57L2DSXY_L1
4012	chr10	42296000	42556000	3	1	CN_9_1_CKDN200002996-1A_H57L2DSXY_L1
4013	chr10	42556500	46458500	3	1	CN_9_1_CKDN200002996-1A_H57L2DSXY_L1
4014	chr10	46458800	46602500	5	2	CN_9_1_CKDN200002996-1A_H57L2DSXY_L1
4015	chr10	46638209	47581200	4	NA	CN_9_1_CKDN200002996-1A_H57L2DSXY_L1
4016	chr10	47582500	48176050	4	NA	CN_9_1_CKDN200002996-1A_H57L2DSXY_L1
4017	chr10	48177393	68280317	3	1	CN_9_1_CKDN200002996-1A_H57L2DSXY_L1
4018	chr10	68280800	82524700	3	1	CN_9_1_CKDN200002996-1A_H57L2DSXY_L1
4019	chr10	82629553	133562992	2	1	CN_9_1_CKDN200002996-1A_H57L2DSXY_L1
4020	chr10	133565566	133783700	5	NA	CN_9_1_CKDN200002996-1A_H57L2DSXY_L1
4021	chr11	133500	50816164	2	0	CN_9_1_CKDN200002996-1A_H57L2DSXY_L1
4022	chr11	50817748	54549092	4	NA	CN_9_1_CKDN200002996-1A_H57L2DSXY_L1
4023	chr11	54549200	89720627	2	0	CN_9_1_CKDN200002996-1A_H57L2DSXY_L1
4024	chr11	89743000	90104800	4	NA	CN_9_1_CKDN200002996-1A_H57L2DSXY_L1
4025	chr11	90107800	98184400	2	1	CN_9_1_CKDN200002996-1A_H57L2DSXY_L1
4026	chr11	98198349	135065500	1	0	CN_9_1_CKDN200002996-1A_H57L2DSXY_L1
4027	chr12	11800	119000	5	2	CN_9_1_CKDN200002996-1A_H57L2DSXY_L1
4028	chr12	122334	34713000	2	0	CN_9_1_CKDN200002996-1A_H57L2DSXY_L1
4029	chr12	34715900	37266700	4	NA	CN_9_1_CKDN200002996-1A_H57L2DSXY_L1
4030	chr12	37270300	49021600	2	0	CN_9_1_CKDN200002996-1A_H57L2DSXY_L1
4031	chr12	49030100	53630600	2	0	CN_9_1_CKDN200002996-1A_H57L2DSXY_L1
4032	chr12	53641300	108553022	2	0	CN_9_1_CKDN200002996-1A_H57L2DSXY_L1
4033	chr12	108558500	124515703	2	0	CN_9_1_CKDN200002996-1A_H57L2DSXY_L1
4034	chr12	124517511	133260278	2	0	CN_9_1_CKDN200002996-1A_H57L2DSXY_L1
4035	chr13	16003500	18591100	5	2	CN_9_1_CKDN200002996-1A_H57L2DSXY_L1
4036	chr13	18602874	112261400	1	0	CN_9_1_CKDN200002996-1A_H57L2DSXY_L1
4037	chr13	112273300	112332356	5	NA	CN_9_1_CKDN200002996-1A_H57L2DSXY_L1
4038	chr13	112335700	114344024	1	0	CN_9_1_CKDN200002996-1A_H57L2DSXY_L1
4039	chr14	16031400	18609800	5	NA	CN_9_1_CKDN200002996-1A_H57L2DSXY_L1
4040	chr14	18616000	49135525	0	0	CN_9_1_CKDN200002996-1A_H57L2DSXY_L1
4041	chr14	49140593	72509124	2	0	CN_9_1_CKDN200002996-1A_H57L2DSXY_L1
4042	chr14	72509276	73141318	2	1	CN_9_1_CKDN200002996-1A_H57L2DSXY_L1
4043	chr14	73142486	73191429	3	NA	CN_9_1_CKDN200002996-1A_H57L2DSXY_L1
4044	chr14	73191800	75921700	3	1	CN_9_1_CKDN200002996-1A_H57L2DSXY_L1
4045	chr14	75922000	86459630	3	1	CN_9_1_CKDN200002996-1A_H57L2DSXY_L1
4046	chr14	86460600	105541979	2	1	CN_9_1_CKDN200002996-1A_H57L2DSXY_L1
4047	chr14	105547217	106443000	3	1	CN_9_1_CKDN200002996-1A_H57L2DSXY_L1
4048	chr14	106445200	106880740	2	NA	CN_9_1_CKDN200002996-1A_H57L2DSXY_L1
4049	chr15	17000700	21292277	7	3	CN_9_1_CKDN200002996-1A_H57L2DSXY_L1
4050	chr15	21292675	23140200	5	2	CN_9_1_CKDN200002996-1A_H57L2DSXY_L1
4051	chr15	23166354	23358164	7	NA	CN_9_1_CKDN200002996-1A_H57L2DSXY_L1
4052	chr15	23358500	28289514	3	1	CN_9_1_CKDN200002996-1A_H57L2DSXY_L1
4053	chr15	28303206	28514240	6	NA	CN_9_1_CKDN200002996-1A_H57L2DSXY_L1
4054	chr15	28520200	101942764	3	1	CN_9_1_CKDN200002996-1A_H57L2DSXY_L1
4055	chr15	101944900	101980551	5	NA	CN_9_1_CKDN200002996-1A_H57L2DSXY_L1
4056	chr16	11000	14820495	2	0	CN_9_1_CKDN200002996-1A_H57L2DSXY_L1
4057	chr16	14827656	15047800	5	2	CN_9_1_CKDN200002996-1A_H57L2DSXY_L1
4058	chr16	15049700	18069300	2	0	CN_9_1_CKDN200002996-1A_H57L2DSXY_L1
4059	chr16	18083000	18744600	4	NA	CN_9_1_CKDN200002996-1A_H57L2DSXY_L1
4060	chr16	18771935	21370947	2	1	CN_9_1_CKDN200002996-1A_H57L2DSXY_L1
4061	chr16	21380500	21580700	5	2	CN_9_1_CKDN200002996-1A_H57L2DSXY_L1
4062	chr16	21581000	22430500	2	NA	CN_9_1_CKDN200002996-1A_H57L2DSXY_L1
4063	chr16	22432000	22735814	5	2	CN_9_1_CKDN200002996-1A_H57L2DSXY_L1
4064	chr16	22740600	31963900	2	0	CN_9_1_CKDN200002996-1A_H57L2DSXY_L1
4065	chr16	31976936	32519168	4	NA	CN_9_1_CKDN200002996-1A_H57L2DSXY_L1
4066	chr16	32525600	46472456	5	2	CN_9_1_CKDN200002996-1A_H57L2DSXY_L1
4067	chr16	46478600	66717374	3	1	CN_9_1_CKDN200002996-1A_H57L2DSXY_L1
4068	chr16	66717963	88724204	3	1	CN_9_1_CKDN200002996-1A_H57L2DSXY_L1
4069	chr16	88725300	88739988	4	NA	CN_9_1_CKDN200002996-1A_H57L2DSXY_L1
4070	chr16	88740930	90226937	3	1	CN_9_1_CKDN200002996-1A_H57L2DSXY_L1
4071	chr17	72900	357086	5	NA	CN_9_1_CKDN200002996-1A_H57L2DSXY_L1
4072	chr17	358049	8042275	3	1	CN_9_1_CKDN200002996-1A_H57L2DSXY_L1
4073	chr17	8043000	21199200	3	1	CN_9_1_CKDN200002996-1A_H57L2DSXY_L1
4074	chr17	21200006	22159047	5	2	CN_9_1_CKDN200002996-1A_H57L2DSXY_L1
4075	chr17	22161200	22821700	3	NA	CN_9_1_CKDN200002996-1A_H57L2DSXY_L1
4076	chr17	22822100	27009087	6	2	CN_9_1_CKDN200002996-1A_H57L2DSXY_L1
4077	chr17	27009757	29168900	3	1	CN_9_1_CKDN200002996-1A_H57L2DSXY_L1
4078	chr17	29169152	31496900	3	1	CN_9_1_CKDN200002996-1A_H57L2DSXY_L1
4079	chr17	31498155	36159800	3	1	CN_9_1_CKDN200002996-1A_H57L2DSXY_L1
4080	chr17	36160200	36452600	4	NA	CN_9_1_CKDN200002996-1A_H57L2DSXY_L1
4081	chr17	36461100	49860951	3	1	CN_9_1_CKDN200002996-1A_H57L2DSXY_L1
4082	chr17	49861158	75091700	3	1	CN_9_1_CKDN200002996-1A_H57L2DSXY_L1
4083	chr17	75092000	83244700	3	1	CN_9_1_CKDN200002996-1A_H57L2DSXY_L1
4084	chr18	15000	14619464	3	1	CN_9_1_CKDN200002996-1A_H57L2DSXY_L1
4085	chr18	14640700	20965943	5	2	CN_9_1_CKDN200002996-1A_H57L2DSXY_L1
4086	chr18	20967000	80259147	3	1	CN_9_1_CKDN200002996-1A_H57L2DSXY_L1
4087	chr19	75000	24162444	2	1	CN_9_1_CKDN200002996-1A_H57L2DSXY_L1
4088	chr19	24170082	24289004	4	NA	CN_9_1_CKDN200002996-1A_H57L2DSXY_L1
4089	chr19	24311532	27440337	6	2	CN_9_1_CKDN200002996-1A_H57L2DSXY_L1
4090	chr19	27455502	40982000	3	1	CN_9_1_CKDN200002996-1A_H57L2DSXY_L1
4091	chr19	40983100	43276400	2	0	CN_9_1_CKDN200002996-1A_H57L2DSXY_L1
4092	chr19	43278400	46291000	3	1	CN_9_1_CKDN200002996-1A_H57L2DSXY_L1
4093	chr19	46296900	49564700	1	0	CN_9_1_CKDN200002996-1A_H57L2DSXY_L1
4094	chr19	49583549	54243300	3	1	CN_9_1_CKDN200002996-1A_H57L2DSXY_L1
4095	chr19	54245159	58604619	2	1	CN_9_1_CKDN200002996-1A_H57L2DSXY_L1
4096	chr20	61400	15605939	2	0	CN_9_1_CKDN200002996-1A_H57L2DSXY_L1
4097	chr20	15607569	26508200	0	0	CN_9_1_CKDN200002996-1A_H57L2DSXY_L1
4098	chr20	26509000	28045400	2	NA	CN_9_1_CKDN200002996-1A_H57L2DSXY_L1
4099	chr20	28105900	28513400	1	0	CN_9_1_CKDN200002996-1A_H57L2DSXY_L1
4100	chr20	28513700	31253627	6	2	CN_9_1_CKDN200002996-1A_H57L2DSXY_L1
4101	chr20	31255565	33377900	5	0	CN_9_1_CKDN200002996-1A_H57L2DSXY_L1
4102	chr20	33378700	37527900	5	0	CN_9_1_CKDN200002996-1A_H57L2DSXY_L1
4103	chr20	37528304	62831589	5	0	CN_9_1_CKDN200002996-1A_H57L2DSXY_L1
4104	chr20	62831662	64064282	5	0	CN_9_1_CKDN200002996-1A_H57L2DSXY_L1
4105	chr20	64064621	64333300	5	1	CN_9_1_CKDN200002996-1A_H57L2DSXY_L1
4106	chr21	5085900	5160800	3	NA	CN_9_1_CKDN200002996-1A_H57L2DSXY_L1
4107	chr21	5216900	10028882	6	2	CN_9_1_CKDN200002996-1A_H57L2DSXY_L1
4108	chr21	10029321	10537836	6	3	CN_9_1_CKDN200002996-1A_H57L2DSXY_L1
4109	chr21	10538200	13120800	7	3	CN_9_1_CKDN200002996-1A_H57L2DSXY_L1
4110	chr21	13125800	13871162	4	NA	CN_9_1_CKDN200002996-1A_H57L2DSXY_L1
4111	chr21	13871262	13900521	6	2	CN_9_1_CKDN200002996-1A_H57L2DSXY_L1
4112	chr21	13902600	30077902	5	2	CN_9_1_CKDN200002996-1A_H57L2DSXY_L1
4113	chr21	30079920	43365258	3	1	CN_9_1_CKDN200002996-1A_H57L2DSXY_L1
4114	chr21	43365955	43573600	4	NA	CN_9_1_CKDN200002996-1A_H57L2DSXY_L1
4115	chr21	43574241	46540200	3	0	CN_9_1_CKDN200002996-1A_H57L2DSXY_L1
4116	chr21	46542000	46697400	4	NA	CN_9_1_CKDN200002996-1A_H57L2DSXY_L1
4117	chr22	10557900	12900700	6	NA	CN_9_1_CKDN200002996-1A_H57L2DSXY_L1
4118	chr22	15154900	16399569	3	NA	CN_9_1_CKDN200002996-1A_H57L2DSXY_L1
4119	chr22	16401700	16533000	5	1	CN_9_1_CKDN200002996-1A_H57L2DSXY_L1
4120	chr22	16537664	36153063	2	0	CN_9_1_CKDN200002996-1A_H57L2DSXY_L1
4121	chr22	36154608	49769500	2	0	CN_9_1_CKDN200002996-1A_H57L2DSXY_L1
4122	chr22	49770652	49897051	2	NA	CN_9_1_CKDN200002996-1A_H57L2DSXY_L1
4123	chr22	49901200	50801200	3	1	CN_9_1_CKDN200002996-1A_H57L2DSXY_L1
4124	chr23	14600	539336	3	1	CN_9_1_CKDN200002996-1A_H57L2DSXY_L1
4125	chr23	540600	2778389	2	0	CN_9_1_CKDN200002996-1A_H57L2DSXY_L1
4126	chr23	3524800	156029565	3	1	CN_9_1_CKDN200002996-1A_H57L2DSXY_L1
