"","seqnames","start","end","cytobands"
"1","chr1",219592210,219975717,"q41"
"2","chr1",220332513,220563380,"q41"
"3","chr1",220624436,222471377,"q41"
"4","chr1",222648820,222881596,"q41"
"5","chr1",222891136,223118187,"q41"
"6","chr1",223394847,223975276,"q41"
"8","chr1",223981000,224746120,"q42.11"
"10","chr1",224751844,225060945,"q42.12"
"11","chr2",10000,4539570,"p25.3"
"13","chr4",9213712,9370614,"p16.1"
"14","chr8",117603061,126981009,"q24.11"
"18","chr8",126986733,130171228,"q24.21"
"19","chr10",77225004,82525439,"q22.3"
"21","chr10",82527347,82838351,"q23.1"
"22","chr10",86963455,87003523,"q23.2"
"23","chr10",87429008,87482432,"q23.2"
"24","chr10",88302874,88678750,"q23.31"
"25","chr11",98344157,110509448,"q22.1"
"28","chr11",111314617,112520461,"q23.1"
"29","chr11",114262448,114787143,"q23.2"
"31","chr11",116283001,117500294,"q23.3"
"32","chr14",18598006,18712644,"q11.2"
"33","chr14",18918005,19131816,"q11.2"
"34","chr14",19156634,19185269,"q11.2"
"35","chr14",19250176,19714745,"q11.2"
"36","chr15",60334144,60494417,"q22.2"
"37","chr16",3770857,4980590,"p13.3"
"38","chr17",45573073,45584520,"q21.31"
"39","chr17",81979409,83247441,"q25.3"
"40","chr19",37269073,37303416,"q13.12"
"41","chr21",9070397,9125624,"p11.2"
"42","chr22",15524349,15882937,"q11.1"
