"","sample","group","silhouette_width","enrich_sig"
"1","141-64","1",0.936,"Sig3"
"2","915-5115648","1",0.958,"Sig3"
"3","915-5115327","1",0.953,"Sig3"
"4","915-1115245","1",0.925,"Sig3"
"5","909-WCMC0-2","1",0.917,"Sig3"
"6","TCGA-YJ-A8SW","1",0.987,"Sig3"
"7","TCGA-XJ-A9DX","1",0.987,"Sig3"
"8","TCGA-KK-A8ID","1",0.987,"Sig3"
"9","TCGA-KK-A5A1","1",0.987,"Sig3"
"10","TCGA-HC-8265","1",0.987,"Sig3"
"11","TCGA-EJ-A46G","1",0.987,"Sig3"
"12","915-6115396","1",0.958,"Sig3"
"13","915-6115322","1",0.958,"Sig3"
"14","915-6115285","1",0.958,"Sig3"
"15","915-5115615","1",0.958,"Sig3"
"16","915-5115613","1",0.958,"Sig3"
"17","915-5115548","1",0.958,"Sig3"
"18","915-5115406","1",0.953,"Sig3"
"19","915-5115195","1",0.952,"Sig3"
"20","915-5115152","1",0.952,"Sig3"
"21","915-1115284","1",0.909,"Sig3"
"22","915-1115265","1",0.925,"Sig3"
"23","915-1115161","1",0.865,"Sig3"
"24","554-45","1",0.917,"Sig3"
"25","554-15","1",0.904,"Sig3"
"26","141-75","1",0.586,"Sig3"
"27","141-68","1",0.936,"Sig3"
"28","141-49","1",0.865,"Sig3"
"29","141-58","1",0.936,"Sig3"
"30","141-36","2",0.978,"Sig1"
"31","909-WCMC10363","2",0.917,"Sig1"
"32","915-5115056","2",0.939,"Sig1"
"33","915-6115236","2",0.958,"Sig1"
"34","141-34","2",0.978,"Sig1"
"35","909-2746","2",0.917,"Sig1"
"36","141-88","2",0.692,"Sig1"
"37","TCGA-EJ-5516","2",0.881,"Sig1"
"38","TCGA-ZG-A9KY","2",0.987,"Sig1"
"39","TCGA-V1-A9OL","2",0.987,"Sig1"
"40","TCGA-HC-7752","2",0.987,"Sig1"
"41","TCGA-HC-7750","2",0.987,"Sig1"
"42","915-6115401","2",0.958,"Sig1"
"43","915-5115501","2",0.953,"Sig1"
"44","915-5115409","2",0.953,"Sig1"
"45","915-5115031","2",0.939,"Sig1"
"46","915-5115029","2",0.942,"Sig1"
"47","915-1115090","2",0.87,"Sig1"
"48","915-1115081","2",0.729,"Sig1"
"49","554-20","2",0.904,"Sig1"
"50","447-STID0000003036","2",0.889,"Sig1"
"51","447-09-5446","2",0.764,"Sig1"
"52","141-6","2",0.936,"Sig1"
"53","141-57","2",0.936,"Sig1"
"54","141-39","2",0.978,"Sig1"
"55","141-27","2",0.978,"Sig1"
"56","141-25","2",0.978,"Sig1"
"57","141-17","2",0.978,"Sig1"
"58","141-2","2",0.978,"Sig1"
"59","TCGA-HC-7747","3",0.987,"Sig2"
"60","TCGA-HC-7748","3",0.987,"Sig2"
"61","915-6115385","3",0.958,"Sig2"
"62","554-47","3",0.917,"Sig2"
"63","554-50","3",0.917,"Sig2"
"64","915-5115291","3",0.953,"Sig2"
"65","554-12","3",0.884,"Sig2"
"66","915-5115290","3",0.953,"Sig2"
"67","141-87","3",0.692,"Sig2"
"68","915-5115033","3",0.939,"Sig2"
"69","909-WCMC0-1","3",0.917,"Sig2"
"70","915-5115193","3",0.952,"Sig2"
"71","TCGA-FC-A4JI","3",0.987,"Sig2"
"72","915-1115303","3",0.909,"Sig2"
"73","909-WCMC0-3","3",0.917,"Sig2"
"74","CN_9_1_CKDN200002996-1A_H57L2DSXY_L1","3",0.958,"Sig2"
"75","141-79","3",0.702,"Sig2"
"76","915-6115403","3",0.958,"Sig2"
"77","915-1115264","3",0.925,"Sig2"
"78","915-6115388","3",0.958,"Sig2"
"79","915-1115308","3",0.909,"Sig2"
"80","915-6115392","3",0.958,"Sig2"
"81","554-37","3",0.917,"Sig2"
"82","141-62","3",0.936,"Sig2"
"83","TCGA-HC-7738","3",0.987,"Sig2"
"84","CN2_2b_CKDN200005067-1A_H5T7VDSXY_L1","3",0.958,"Sig2"
"85","915-5115073","3",0.939,"Sig2"
"86","554-49","3",0.917,"Sig2"
"87","554-38","3",0.917,"Sig2"
"88","554-17","3",0.904,"Sig2"
"89","554-33","3",0.917,"Sig2"
"90","TCGA-J9-A8CL","3",0.987,"Sig2"
"91","TCGA-HC-7749","3",0.987,"Sig2"
"92","TCGA-HC-7745","3",0.987,"Sig2"
"93","TCGA-HC-7744","3",0.987,"Sig2"
"94","TCGA-HC-7740","3",0.987,"Sig2"
"95","TCGA-HC-7736","3",0.987,"Sig2"
"96","CN_1_1_CKDN200002992-1A_H57L2DSXY_L1","3",0.958,"Sig2"
"97","CN9line7_1_CKDN210017619-1A_H23WLDSX3_L2","3",0.958,"Sig2"
"98","CN9R2_1_CKDN190048209-1A_HTC3FDSXX_L2","3",0.958,"Sig2"
"99","CN9R1_2_CKDN190048207-1A_HTC3FDSXX_L2","3",0.958,"Sig2"
"100","CN9R1_1_CKDN190048205-1A_HV3TFDSXX_L1","3",0.958,"Sig2"
"101","915-6115399","3",0.958,"Sig2"
"102","915-6115398","3",0.958,"Sig2"
"103","915-6115397","3",0.958,"Sig2"
"104","915-6115394","3",0.958,"Sig2"
"105","915-6115389","3",0.958,"Sig2"
"106","915-6115386","3",0.958,"Sig2"
"107","915-6115317","3",0.958,"Sig2"
"108","915-6115295","3",0.958,"Sig2"
"109","915-5115610","3",0.958,"Sig2"
"110","915-5115608","3",0.958,"Sig2"
"111","915-5115505","3",0.953,"Sig2"
"112","915-5115412","3",0.953,"Sig2"
"113","915-5115410","3",0.953,"Sig2"
"114","915-5115032","3",0.939,"Sig2"
"115","915-1115257","3",0.925,"Sig2"
"116","915-1115202","3",0.912,"Sig2"
"117","915-1115154","3",0.906,"Sig2"
"118","909-WCMC12728","3",0.917,"Sig2"
"119","554-56","3",0.917,"Sig2"
"120","554-54","3",0.917,"Sig2"
"121","554-48","3",0.917,"Sig2"
"122","554-44-2","3",0.917,"Sig2"
"123","554-44","3",0.917,"Sig2"
"124","554-39","3",0.917,"Sig2"
"125","554-36","3",0.917,"Sig2"
"126","554-34","3",0.917,"Sig2"
"127","554-16","3",0.904,"Sig2"
"128","554-14","3",0.904,"Sig2"
"129","141-86","3",0.716,"Sig2"
"130","141-84","3",0.718,"Sig2"
"131","141-83","3",0.659,"Sig2"
"132","141-78","3",0.454,"Sig2"
"133","141-67","3",0.936,"Sig2"
"134","141-61","3",0.936,"Sig2"
"135","141-60","3",0.936,"Sig2"
"136","141-4","3",0.978,"Sig2"
"137","141-23","3",0.978,"Sig2"
"138","141-26","3",0.978,"Sig2"
"139","141-56","4",0.936,"Sig2"
"140","TCGA-J9-A8CM","4",0.987,"Sig2"
"141","TCGA-EJ-A65F","4",0.987,"Sig2"
"142","TCGA-HC-7213","4",0.987,"Sig2"
"143","TCGA-KK-A59Z","4",0.987,"Sig2"
"144","TCGA-ZG-A9LY","4",0.987,"Sig2"
"145","TCGA-ZG-A9LB","4",0.987,"Sig2"
"146","TCGA-V1-A8WW","4",0.987,"Sig2"
"147","TCGA-KK-A7B4","4",0.987,"Sig2"
"148","TCGA-EJ-7115","4",0.97,"Sig2"
"149","TCGA-XQ-A8TB","4",0.987,"Sig2"
"150","915-6115014","4",0.958,"Sig2"
"151","909-WCMC4240","4",0.504,"Sig2"
"152","915-1115089","4",0.849,"Sig2"
"153","CN_6_1_CKDN200002994-1A_H57L2DSXY_L1","4",0.958,"Sig2"
"154","909-WCMC14","4",0.917,"Sig2"
"155","915-6115400","4",0.958,"Sig2"
"156","141-53","4",0.936,"Sig2"
"157","447-04-1243","4",0.925,"Sig2"
"158","TCGA-ZG-A9L9","4",0.987,"Sig2"
"159","909-WCMC7","4",0.504,"Sig2"
"160","TCGA-KK-A8IK","4",0.987,"Sig2"
"161","TCGA-G9-7521","4",0.987,"Sig2"
"162","TCGA-CH-5762","4",0.958,"Sig2"
"163","TCGA-4L-AA1F","4",0.958,"Sig2"
"164","909-21011","4",0.917,"Sig2"
"165","915-1115183","4",0.865,"Sig2"
"166","909-WCMC21016","4",0.6,"Sig2"
"167","554-4","4",0.917,"Sig2"
"168","915-5115276","4",0.953,"Sig2"
"169","141-16","4",0.961,"Sig2"
"170","554-46","4",0.917,"Sig2"
"171","554-44-1","4",0.917,"Sig2"
"172","915-1115157","4",0.906,"Sig2"
"173","554-35","4",0.917,"Sig2"
"174","915-5115197","4",0.952,"Sig2"
"175","909-WCMC10680","4",0.917,"Sig2"
"176","554-29","4",0.903,"Sig2"
"177","915-5115651","4",0.958,"Sig2"
"178","TCGA-YL-A8SQ","4",0.987,"Sig2"
"179","909-WCMC10361","4",0.917,"Sig2"
"180","915-5115027","4",0.917,"Sig2"
"181","TCGA-ZG-A9LZ","4",0.987,"Sig2"
"182","909-WCMC24290","4",0.662,"Sig2"
"183","TCGA-HC-A4ZV","4",0.987,"Sig2"
"184","TCGA-EJ-5514","4",0.899,"Sig2"
"185","915-5115612","4",0.958,"Sig2"
"186","915-5115194","4",0.952,"Sig2"
"187","915-5115034","4",0.939,"Sig2"
"188","141-63","4",0.936,"Sig2"
"189","909-WCMC0","4",0.917,"Sig2"
"190","915-6115124","4",0.958,"Sig2"
"191","447-00-1823","4",0.876,"Sig2"
"192","141-69","4",0.936,"Sig2"
"193","909-WCMC18248","4",0.917,"Sig2"
"194","915-6115395","4",0.958,"Sig2"
"195","915-6115383","4",0.958,"Sig2"
"196","915-6115013","4",0.958,"Sig2"
"197","915-5115611","4",0.958,"Sig2"
"198","915-5115260","4",0.953,"Sig2"
"199","915-1115200","4",0.865,"Sig2"
"200","909-WCMC15","4",0.917,"Sig2"
"201","554-58","4",0.917,"Sig2"
"202","554-40","4",0.917,"Sig2"
"203","554-13","4",0.884,"Sig2"
"204","141-35","4",0.978,"Sig2"
"205","141-52","4",0.936,"Sig2"
"206","915-6115286","4",0.958,"Sig2"
"207","909-21020","4",0.917,"Sig2"
"208","915-6115319","4",0.958,"Sig2"
"209","554-55","4",0.917,"Sig2"
"210","554-24","4",0.904,"Sig2"
"211","554-53","4",0.917,"Sig2"
"212","554-11","4",0.888,"Sig2"
"213","141-21","4",0.978,"Sig2"
"214","TCGA-ZG-A9NI","4",0.987,"Sig2"
"215","TCGA-ZG-A9N3","4",0.987,"Sig2"
"216","TCGA-ZG-A9M4","4",0.987,"Sig2"
"217","TCGA-ZG-A9LN","4",0.987,"Sig2"
"218","TCGA-ZG-A9L5","4",0.987,"Sig2"
"219","TCGA-ZG-A9L0","4",0.987,"Sig2"
"220","TCGA-ZG-A8QX","4",0.987,"Sig2"
"221","TCGA-YL-A9WH","4",0.987,"Sig2"
"222","TCGA-YL-A8S8","4",0.987,"Sig2"
"223","TCGA-XK-AAIV","4",0.987,"Sig2"
"224","TCGA-VP-A875","4",0.987,"Sig2"
"225","TCGA-V1-A8WV","4",0.987,"Sig2"
"226","TCGA-KK-A8I4","4",0.987,"Sig2"
"227","TCGA-J4-AATZ","4",0.987,"Sig2"
"228","TCGA-HC-A9TE","4",0.987,"Sig2"
"229","TCGA-HC-8216","4",0.987,"Sig2"
"230","TCGA-HC-7742","4",0.987,"Sig2"
"231","TCGA-G9-6499","4",0.987,"Sig2"
"232","TCGA-EJ-7784","4",0.987,"Sig2"
"233","TCGA-EJ-7783","4",0.987,"Sig2"
"234","TCGA-EJ-7123","4",0.97,"Sig2"
"235","TCGA-EJ-5495","4",0.322,"Sig2"
"236","TCGA-CH-5751","4",0.958,"Sig2"
"237","CN9line2_1_CKDN210017617-1A_H23WLDSX3_L2","4",0.958,"Sig2"
"238","915-6115381","4",0.958,"Sig2"
"239","915-6115323","4",0.958,"Sig2"
"240","915-6115120","4",0.958,"Sig2"
"241","915-6115012","4",0.958,"Sig2"
"242","915-5115614","4",0.958,"Sig2"
"243","915-5115609","4",0.958,"Sig2"
"244","915-5115408","4",0.953,"Sig2"
"245","915-5115407","4",0.953,"Sig2"
"246","915-5115405","4",0.953,"Sig2"
"247","915-5115359","4",0.953,"Sig2"
"248","915-5115254","4",0.953,"Sig2"
"249","915-5115198","4",0.948,"Sig2"
"250","915-5115160","4",0.952,"Sig2"
"251","915-5115158","4",0.952,"Sig2"
"252","915-5115129","4",0.952,"Sig2"
"253","915-1115156","4",0.906,"Sig2"
"254","915-1115092","4",0.862,"Sig2"
"255","915-1115091","4",0.862,"Sig2"
"256","915-1115088","4",0.808,"Sig2"
"257","915-1115086","4",0.816,"Sig2"
"258","909-WCMC7520-2","4",0.467,"Sig2"
"259","909-WCMC7520-1","4",0.761,"Sig2"
"260","909-WCMC7520","4",0.669,"Sig2"
"261","909-WCMC10364","4",0.917,"Sig2"
"262","909-21181","4",0.917,"Sig2"
"263","554-59","4",0.917,"Sig2"
"264","554-32","4",0.917,"Sig2"
"265","554-25","4",0.903,"Sig2"
"266","554-18","4",0.904,"Sig2"
"267","447-09-3566","4",0.467,"Sig2"
"268","447-07-144","4",0.149,"Sig2"
"269","141-9","4",0.692,"Sig2"
"270","141-80","4",0.706,"Sig2"
"271","141-77","4",0.454,"Sig2"
"272","141-76","4",0.546,"Sig2"
"273","141-7","4",0.936,"Sig2"
"274","141-59","4",0.936,"Sig2"
"275","141-3","4",0.978,"Sig2"
"276","141-19","4",0.978,"Sig2"
"277","141-11","4",0.616,"Sig2"
"278","141-14","4",0.831,"Sig2"
"279","909-12729","5",0.917,"Sig4"
"280","TCGA-EJ-5525","5",0.949,"Sig4"
"281","447-03-595","5",0.925,"Sig4"
"282","447-09-5702","5",0.829,"Sig4"
"283","TCGA-G9-6369","5",0.987,"Sig4"
"284","TCGA-XK-AAJP","5",0.987,"Sig4"
"285","447-02-2072","5",0.925,"Sig4"
"286","TCGA-G9-6338","5",0.987,"Sig4"
"287","TCGA-KK-A8IA","5",0.987,"Sig4"
"288","909-WCMC26731","5",0.588,"Sig4"
"289","554-9","5",0.917,"Sig4"
"290","915-5115098","5",0.939,"Sig4"
"291","554-30","5",0.899,"Sig4"
"292","909-WCMC24854","5",0.588,"Sig4"
"293","915-5115024","5",0.909,"Sig4"
"294","915-1115244","5",0.939,"Sig4"
"295","141-43","5",0.181,"Sig4"
"296","141-38","5",0.978,"Sig4"
"297","TCGA-EJ-7782","5",0.987,"Sig4"
"298","141-47","5",0.848,"Sig4"
"299","TCGA-EJ-5526","5",0.949,"Sig4"
"300","TCGA-YL-A8SF","5",0.987,"Sig4"
"301","TCGA-VN-A88L","5",0.987,"Sig4"
"302","TCGA-G9-6377","5",0.987,"Sig4"
"303","TCGA-EJ-A7NN","5",0.987,"Sig4"
"304","447-04-1790","5",0.925,"Sig4"
"305","TCGA-EJ-5507","5",0.774,"Sig4"
"306","TCGA-KK-A6E6","5",0.987,"Sig4"
"307","915-5115130","5",0.952,"Sig4"
"308","TCGA-EJ-8472","5",0.987,"Sig4"
"309","141-5","5",0.902,"Sig4"
"310","141-28","5",0.978,"Sig4"
"311","915-6115288","5",0.958,"Sig4"
"312","915-5115075","5",0.939,"Sig4"
"313","447-01-2492","5",0.903,"Sig4"
"314","909-WCMC12688","5",0.917,"Sig4"
"315","TCGA-YL-A9WY","5",0.987,"Sig4"
"316","TCGA-J9-A52E","5",0.987,"Sig4"
"317","TCGA-EJ-5521","5",0.928,"Sig4"
"318","TCGA-CH-5761","5",0.958,"Sig4"
"319","TCGA-CH-5753","5",0.958,"Sig4"
"320","915-5115186","5",0.952,"Sig4"
"321","915-5115127","5",0.952,"Sig4"
"322","554-57","5",0.917,"Sig4"
"323","447-06-3939","5",0.142,"Sig4"
"324","554-41","5",0.917,"Sig4"
"325","915-5115078","5",0.939,"Sig4"
"326","915-5115261","5",0.953,"Sig4"
"327","447-STID0000002915","5",0.886,"Sig4"
"328","447-09-3421","5",0.582,"Sig4"
"329","TCGA-TP-A8TV","5",0.987,"Sig4"
"330","TCGA-KK-A7AZ","5",0.987,"Sig4"
"331","TCGA-KK-A6E0","5",0.987,"Sig4"
"332","TCGA-HC-A48F","5",0.987,"Sig4"
"333","TCGA-HC-7209","5",0.987,"Sig4"
"334","TCGA-FC-7961","5",0.987,"Sig4"
"335","TCGA-EJ-A65D","5",0.987,"Sig4"
"336","TCGA-EJ-8470","5",0.987,"Sig4"
"337","447-09-5700","5",0.789,"Sig4"
"338","447-09-2744","5",0.508,"Sig4"
"339","447-07-684","5",0.476,"Sig4"
"340","447-00-000450","5",0.842,"Sig4"
"341","447-01-2382","5",0.894,"Sig4"
"342","TCGA-ZG-A8QZ","5",0.987,"Sig4"
"343","TCGA-ZG-A8QY","5",0.987,"Sig4"
"344","TCGA-KK-A8I5","5",0.987,"Sig4"
"345","TCGA-KK-A6E1","5",0.987,"Sig4"
"346","TCGA-J9-A8CP","5",0.987,"Sig4"
"347","TCGA-J4-A83I","5",0.987,"Sig4"
"348","TCGA-HI-7168","5",0.987,"Sig4"
"349","TCGA-EJ-7325","5",0.97,"Sig4"
"350","TCGA-EJ-7312","5",0.97,"Sig4"
"351","TCGA-CH-5752","5",0.958,"Sig4"
"352","915-5115028","5",0.94,"Sig4"
"353","554-6","5",0.917,"Sig4"
"354","447-09-5630","5",0.811,"Sig4"
"355","447-05-3859","5",0.925,"Sig4"
"356","447-06-1651","5",0.925,"Sig4"
"357","141-46","5",0.763,"Sig4"
"358","915-5115259","5",0.953,"Sig4"
"359","TCGA-YL-A8SL","5",0.987,"Sig4"
"360","TCGA-XK-AAJT","5",0.987,"Sig4"
"361","TCGA-VN-A88R","5",0.987,"Sig4"
"362","TCGA-HC-A632","5",0.987,"Sig4"
"363","TCGA-EJ-5519","5",0.929,"Sig4"
"364","TCGA-EJ-5504","5",0.714,"Sig4"
"365","TCGA-CH-5771","5",0.958,"Sig4"
"366","TCGA-CH-5754","5",0.958,"Sig4"
"367","915-6115402","5",0.958,"Sig4"
"368","915-6115391","5",0.958,"Sig4"
"369","915-6115387","5",0.958,"Sig4"
"370","915-5115506","5",0.953,"Sig4"
"371","915-5115057","5",0.939,"Sig4"
"372","915-1115343","5",0.909,"Sig4"
"373","915-1115082","5",0.731,"Sig4"
"374","554-42","5",0.917,"Sig4"
"375","554-28","5",0.903,"Sig4"
"376","554-22","5",0.904,"Sig4"
"377","447-STID0000003051","5",0.889,"Sig4"
"378","447-05-839","5",0.925,"Sig4"
"379","447-04-903","5",0.925,"Sig4"
"380","141-71","5",0.654,"Sig4"
"381","141-15","5",0.944,"Sig4"
"382","141-22","5",0.978,"Sig4"
"383","TCGA-YL-A9WL","5",0.987,"Sig4"
"384","TCGA-YL-A8SP","5",0.987,"Sig4"
"385","TCGA-YL-A8SA","5",0.987,"Sig4"
"386","TCGA-YL-A8HM","5",0.987,"Sig4"
"387","TCGA-XQ-A8TA","5",0.987,"Sig4"
"388","TCGA-XK-AAJA","5",0.987,"Sig4"
"389","TCGA-XK-AAJ3","5",0.987,"Sig4"
"390","TCGA-XJ-A83F","5",0.987,"Sig4"
"391","TCGA-WW-A8ZI","5",0.987,"Sig4"
"392","TCGA-VP-A87J","5",0.987,"Sig4"
"393","TCGA-VP-A87D","5",0.987,"Sig4"
"394","TCGA-VP-A87B","5",0.987,"Sig4"
"395","TCGA-VN-A88P","5",0.987,"Sig4"
"396","TCGA-VN-A88K","5",0.987,"Sig4"
"397","TCGA-V1-A9ZR","5",0.987,"Sig4"
"398","TCGA-TP-A8TT","5",0.987,"Sig4"
"399","TCGA-QU-A6IL","5",0.987,"Sig4"
"400","TCGA-M7-A724","5",0.987,"Sig4"
"401","TCGA-M7-A71Z","5",0.987,"Sig4"
"402","TCGA-KK-A8II","5",0.987,"Sig4"
"403","TCGA-KK-A8IH","5",0.987,"Sig4"
"404","TCGA-KK-A8IF","5",0.987,"Sig4"
"405","TCGA-KK-A7B1","5",0.987,"Sig4"
"406","TCGA-KK-A7AU","5",0.987,"Sig4"
"407","TCGA-KK-A7AQ","5",0.987,"Sig4"
"408","TCGA-KK-A59Y","5",0.987,"Sig4"
"409","TCGA-KK-A59X","5",0.987,"Sig4"
"410","TCGA-KC-A4BV","5",0.987,"Sig4"
"411","TCGA-J9-A8CN","5",0.987,"Sig4"
"412","TCGA-J9-A8CK","5",0.987,"Sig4"
"413","TCGA-J9-A52D","5",0.987,"Sig4"
"414","TCGA-J4-A67N","5",0.987,"Sig4"
"415","TCGA-HI-7171","5",0.987,"Sig4"
"416","TCGA-HC-A9TH","5",0.987,"Sig4"
"417","TCGA-HC-8257","5",0.987,"Sig4"
"418","TCGA-HC-7821","5",0.987,"Sig4"
"419","TCGA-HC-7080","5",0.987,"Sig4"
"420","TCGA-HC-7077","5",0.987,"Sig4"
"421","TCGA-G9-7525","5",0.987,"Sig4"
"422","TCGA-G9-6363","5",0.987,"Sig4"
"423","TCGA-G9-6361","5",0.987,"Sig4"
"424","TCGA-EJ-7789","5",0.987,"Sig4"
"425","TCGA-EJ-7315","5",0.97,"Sig4"
"426","TCGA-EJ-5542","5",0.97,"Sig4"
"427","TCGA-EJ-5524","5",0.949,"Sig4"
"428","TCGA-CH-5794","5",-0.0246,"Sig4"
"429","TCGA-CH-5791","5",0.958,"Sig4"
"430","TCGA-CH-5788","5",0.958,"Sig4"
"431","TCGA-CH-5768","5",0.958,"Sig4"
"432","TCGA-CH-5745","5",0.958,"Sig4"
"433","TCGA-CH-5744","5",0.958,"Sig4"
"434","TCGA-CH-5741","5",0.958,"Sig4"
"435","TCGA-CH-5740","5",0.958,"Sig4"
"436","TCGA-2A-A8W1","5",0.958,"Sig4"
"437","TCGA-2A-A8VX","5",0.958,"Sig4"
"438","915-6115393","5",0.958,"Sig4"
"439","915-6115390","5",0.958,"Sig4"
"440","915-6115321","5",0.958,"Sig4"
"441","915-6115320","5",0.958,"Sig4"
"442","915-5115650","5",0.958,"Sig4"
"443","915-5115528","5",0.958,"Sig4"
"444","915-5115411","5",0.953,"Sig4"
"445","915-5115258","5",0.953,"Sig4"
"446","915-5115256","5",0.953,"Sig4"
"447","915-5115255","5",0.953,"Sig4"
"448","915-5115199","5",0.948,"Sig4"
"449","915-5115196","5",0.952,"Sig4"
"450","915-5115187","5",0.952,"Sig4"
"451","915-5115128","5",0.952,"Sig4"
"452","915-5115058","5",0.939,"Sig4"
"453","915-5115030","5",0.923,"Sig4"
"454","915-5115026","5",0.909,"Sig4"
"455","915-1115311","5",0.909,"Sig4"
"456","915-1115305","5",0.909,"Sig4"
"457","909-WCMC21017","5",0.627,"Sig4"
"458","909-WCMC20870","5",0.917,"Sig4"
"459","554-52","5",0.917,"Sig4"
"460","554-51","5",0.917,"Sig4"
"461","554-5","5",0.917,"Sig4"
"462","554-43","5",0.917,"Sig4"
"463","554-31","5",0.899,"Sig4"
"464","554-27","5",0.903,"Sig4"
"465","554-26","5",0.903,"Sig4"
"466","554-23","5",0.904,"Sig4"
"467","554-21","5",0.904,"Sig4"
"468","554-19","5",0.904,"Sig4"
"469","554-10","5",0.902,"Sig4"
"470","447-STID0000000415","5",0.805,"Sig4"
"471","447-09-2767","5",0.462,"Sig4"
"472","447-06-4428","5",-0.031,"Sig4"
"473","447-06-1749","5",0.925,"Sig4"
"474","447-05-620","5",0.925,"Sig4"
"475","447-05-3852","5",0.925,"Sig4"
"476","447-04-3347","5",0.925,"Sig4"
"477","447-04-3222","5",0.925,"Sig4"
"478","447-04-1084","5",0.925,"Sig4"
"479","447-03-1426","5",0.925,"Sig4"
"480","447-02-1899","5",0.925,"Sig4"
"481","447-01-1934","5",0.869,"Sig4"
"482","141-81","5",0.738,"Sig4"
"483","141-8","5",0.786,"Sig4"
"484","141-72","5",0.44,"Sig4"
"485","141-20","5",0.978,"Sig4"
"486","141-66","5",0.936,"Sig4"
"487","447-07-837","6",0.317,"Sig6"
"488","TCGA-VP-A872","6",0.987,"Sig6"
"489","915-5115547","6",0.958,"Sig6"
"490","TCGA-G9-6362","6",0.987,"Sig6"
"491","TCGA-HC-A631","6",0.987,"Sig6"
"492","447-04-2599","6",0.925,"Sig6"
"493","TCGA-KK-A7AP","6",0.987,"Sig6"
"494","TCGA-V1-A8WS","6",0.987,"Sig6"
"495","915-5115203","6",0.953,"Sig6"
"496","909-WCMC7951","6",0.632,"Sig6"
"497","909-WCMC10","6",0.917,"Sig6"
"498","TCGA-Y6-A9XI","6",0.987,"Sig6"
"499","TCGA-HC-7081","6",0.987,"Sig6"
"500","TCGA-G9-6379","6",0.987,"Sig6"
"501","TCGA-YL-A8HL","6",0.987,"Sig6"
"502","TCGA-ZG-A9ND","6",0.987,"Sig6"
"503","TCGA-G9-A9S7","6",0.987,"Sig6"
"504","TCGA-HC-7078","6",0.987,"Sig6"
"505","447-STID0000002682","6",0.798,"Sig6"
"506","TCGA-ZG-A9LS","6",0.987,"Sig6"
"507","TCGA-KK-A8IB","6",0.987,"Sig6"
"508","TCGA-V1-A9ZK","6",0.987,"Sig6"
"509","TCGA-HC-8264","6",0.987,"Sig6"
"510","TCGA-QU-A6IN","6",0.987,"Sig6"
"511","TCGA-XJ-A83G","6",0.987,"Sig6"
"512","TCGA-CH-5764","6",0.958,"Sig6"
"513","TCGA-EJ-5499","6",0.567,"Sig6"
"514","TCGA-X4-A8KQ","6",0.987,"Sig6"
"515","TCGA-J4-A83J","6",0.987,"Sig6"
"516","TCGA-J9-A52B","6",0.987,"Sig6"
"517","TCGA-HC-A6AN","6",0.987,"Sig6"
"518","TCGA-VP-AA1N","6",0.987,"Sig6"
"519","TCGA-V1-A8MM","6",0.987,"Sig6"
"520","TCGA-TK-A8OK","6",0.987,"Sig6"
"521","TCGA-M7-A725","6",0.987,"Sig6"
"522","TCGA-KK-A8IC","6",0.987,"Sig6"
"523","TCGA-KK-A6E8","6",0.987,"Sig6"
"524","TCGA-HC-7210","6",0.987,"Sig6"
"525","TCGA-EJ-8469","6",0.987,"Sig6"
"526","TCGA-EJ-5522","6",0.928,"Sig6"
"527","TCGA-CH-5792","6",0.958,"Sig6"
"528","TCGA-2A-A8W3","6",0.958,"Sig6"
"529","915-5115077","6",0.939,"Sig6"
"530","447-STID0000001024","6",0.805,"Sig6"
"531","141-41","6",0.978,"Sig6"
"532","447-05-2212","6",0.925,"Sig6"
"533","TCGA-ZG-A9LM","6",0.987,"Sig6"
"534","TCGA-ZG-A9MC","6",0.987,"Sig6"
"535","TCGA-ZG-A9LU","6",0.987,"Sig6"
"536","TCGA-ZG-A9L6","6",0.987,"Sig6"
"537","TCGA-ZG-A9L4","6",0.987,"Sig6"
"538","TCGA-ZG-A9L2","6",0.987,"Sig6"
"539","TCGA-ZG-A9L1","6",0.987,"Sig6"
"540","TCGA-ZG-A8QW","6",0.987,"Sig6"
"541","TCGA-YL-A9WX","6",0.987,"Sig6"
"542","TCGA-YL-A9WK","6",0.987,"Sig6"
"543","TCGA-YL-A9WJ","6",0.987,"Sig6"
"544","TCGA-YL-A9WI","6",0.987,"Sig6"
"545","TCGA-YL-A8SR","6",0.987,"Sig6"
"546","TCGA-YL-A8SO","6",0.987,"Sig6"
"547","TCGA-YL-A8SK","6",0.987,"Sig6"
"548","TCGA-YL-A8SJ","6",0.987,"Sig6"
"549","TCGA-YL-A8SI","6",0.987,"Sig6"
"550","TCGA-YL-A8SH","6",0.987,"Sig6"
"551","TCGA-YL-A8SC","6",0.987,"Sig6"
"552","TCGA-YL-A8SB","6",0.987,"Sig6"
"553","TCGA-YL-A8S9","6",0.987,"Sig6"
"554","TCGA-YL-A8HO","6",0.987,"Sig6"
"555","TCGA-YL-A8HK","6",0.987,"Sig6"
"556","TCGA-YL-A8HJ","6",0.987,"Sig6"
"557","TCGA-Y6-A8TL","6",0.987,"Sig6"
"558","TCGA-XK-AAK1","6",0.987,"Sig6"
"559","TCGA-XK-AAJU","6",0.987,"Sig6"
"560","TCGA-XK-AAJR","6",0.987,"Sig6"
"561","TCGA-XK-AAIW","6",0.987,"Sig6"
"562","TCGA-XK-AAIR","6",0.987,"Sig6"
"563","TCGA-XJ-A9DQ","6",0.987,"Sig6"
"564","TCGA-XJ-A9DK","6",0.987,"Sig6"
"565","TCGA-XJ-A9DI","6",0.987,"Sig6"
"566","TCGA-XJ-A83H","6",0.987,"Sig6"
"567","TCGA-XA-A8JR","6",0.987,"Sig6"
"568","TCGA-X4-A8KS","6",0.987,"Sig6"
"569","TCGA-VP-A87K","6",0.987,"Sig6"
"570","TCGA-VP-A87H","6",0.987,"Sig6"
"571","TCGA-VP-A87E","6",0.987,"Sig6"
"572","TCGA-VP-A87C","6",0.987,"Sig6"
"573","TCGA-VP-A879","6",0.987,"Sig6"
"574","TCGA-VP-A878","6",0.987,"Sig6"
"575","TCGA-VP-A876","6",0.987,"Sig6"
"576","TCGA-VN-A943","6",0.987,"Sig6"
"577","TCGA-VN-A88Q","6",0.987,"Sig6"
"578","TCGA-VN-A88O","6",0.987,"Sig6"
"579","TCGA-VN-A88N","6",0.987,"Sig6"
"580","TCGA-VN-A88M","6",0.987,"Sig6"
"581","TCGA-VN-A88I","6",0.987,"Sig6"
"582","TCGA-V1-A9ZI","6",0.987,"Sig6"
"583","TCGA-V1-A9ZG","6",0.987,"Sig6"
"584","TCGA-V1-A9Z9","6",0.987,"Sig6"
"585","TCGA-V1-A9Z8","6",0.987,"Sig6"
"586","TCGA-V1-A9Z7","6",0.987,"Sig6"
"587","TCGA-V1-A9OY","6",0.987,"Sig6"
"588","TCGA-V1-A9OX","6",0.987,"Sig6"
"589","TCGA-V1-A9OT","6",0.987,"Sig6"
"590","TCGA-V1-A9OQ","6",0.987,"Sig6"
"591","TCGA-V1-A9OH","6",0.987,"Sig6"
"592","TCGA-V1-A9OF","6",0.987,"Sig6"
"593","TCGA-V1-A9OA","6",0.987,"Sig6"
"594","TCGA-V1-A9O9","6",0.987,"Sig6"
"595","TCGA-V1-A9O7","6",0.987,"Sig6"
"596","TCGA-V1-A9O5","6",0.987,"Sig6"
"597","TCGA-V1-A8X3","6",0.987,"Sig6"
"598","TCGA-V1-A8WN","6",0.987,"Sig6"
"599","TCGA-V1-A8WL","6",0.987,"Sig6"
"600","TCGA-V1-A8MU","6",0.987,"Sig6"
"601","TCGA-V1-A8ML","6",0.987,"Sig6"
"602","TCGA-V1-A8MK","6",0.987,"Sig6"
"603","TCGA-V1-A8MJ","6",0.987,"Sig6"
"604","TCGA-V1-A8MG","6",0.987,"Sig6"
"605","TCGA-V1-A8MF","6",0.987,"Sig6"
"606","TCGA-SU-A7E7","6",0.987,"Sig6"
"607","TCGA-QU-A6IP","6",0.987,"Sig6"
"608","TCGA-QU-A6IO","6",0.987,"Sig6"
"609","TCGA-QU-A6IM","6",0.987,"Sig6"
"610","TCGA-MG-AAMC","6",0.987,"Sig6"
"611","TCGA-M7-A723","6",0.987,"Sig6"
"612","TCGA-M7-A722","6",0.987,"Sig6"
"613","TCGA-M7-A721","6",0.987,"Sig6"
"614","TCGA-M7-A720","6",0.987,"Sig6"
"615","TCGA-M7-A71Y","6",0.987,"Sig6"
"616","TCGA-KK-A8IM","6",0.987,"Sig6"
"617","TCGA-KK-A8IL","6",0.987,"Sig6"
"618","TCGA-KK-A8IJ","6",0.987,"Sig6"
"619","TCGA-KK-A8IG","6",0.987,"Sig6"
"620","TCGA-KK-A8I9","6",0.987,"Sig6"
"621","TCGA-KK-A8I8","6",0.987,"Sig6"
"622","TCGA-KK-A8I7","6",0.987,"Sig6"
"623","TCGA-KK-A8I6","6",0.987,"Sig6"
"624","TCGA-KK-A7B3","6",0.987,"Sig6"
"625","TCGA-KK-A7B2","6",0.987,"Sig6"
"626","TCGA-KK-A7B0","6",0.987,"Sig6"
"627","TCGA-KK-A7AY","6",0.987,"Sig6"
"628","TCGA-KK-A7AW","6",0.987,"Sig6"
"629","TCGA-KK-A7AV","6",0.987,"Sig6"
"630","TCGA-KK-A6E7","6",0.987,"Sig6"
"631","TCGA-KK-A6E5","6",0.987,"Sig6"
"632","TCGA-KK-A6E4","6",0.987,"Sig6"
"633","TCGA-KK-A6E3","6",0.987,"Sig6"
"634","TCGA-KK-A6E2","6",0.987,"Sig6"
"635","TCGA-KK-A6DY","6",0.987,"Sig6"
"636","TCGA-KK-A59V","6",0.987,"Sig6"
"637","TCGA-KC-A7FE","6",0.987,"Sig6"
"638","TCGA-KC-A7FD","6",0.987,"Sig6"
"639","TCGA-KC-A7FA","6",0.987,"Sig6"
"640","TCGA-KC-A7F6","6",0.987,"Sig6"
"641","TCGA-KC-A7F5","6",0.987,"Sig6"
"642","TCGA-KC-A7F3","6",0.987,"Sig6"
"643","TCGA-KC-A4BR","6",0.987,"Sig6"
"644","TCGA-KC-A4BO","6",0.987,"Sig6"
"645","TCGA-KC-A4BN","6",0.987,"Sig6"
"646","TCGA-KC-A4BL","6",0.987,"Sig6"
"647","TCGA-J9-A52C","6",0.987,"Sig6"
"648","TCGA-J4-AAU2","6",0.987,"Sig6"
"649","TCGA-J4-AATV","6",0.987,"Sig6"
"650","TCGA-J4-A83N","6",0.987,"Sig6"
"651","TCGA-J4-A83M","6",0.987,"Sig6"
"652","TCGA-J4-A83L","6",0.987,"Sig6"
"653","TCGA-J4-A83K","6",0.987,"Sig6"
"654","TCGA-J4-A6M7","6",0.987,"Sig6"
"655","TCGA-J4-A6G3","6",0.987,"Sig6"
"656","TCGA-J4-A6G1","6",0.987,"Sig6"
"657","TCGA-J4-A67T","6",0.987,"Sig6"
"658","TCGA-J4-A67S","6",0.987,"Sig6"
"659","TCGA-J4-A67R","6",0.987,"Sig6"
"660","TCGA-J4-A67Q","6",0.987,"Sig6"
"661","TCGA-J4-A67O","6",0.987,"Sig6"
"662","TCGA-J4-A67M","6",0.987,"Sig6"
"663","TCGA-J4-A67L","6",0.987,"Sig6"
"664","TCGA-J4-A67K","6",0.987,"Sig6"
"665","TCGA-J4-8200","6",0.987,"Sig6"
"666","TCGA-J4-8198","6",0.987,"Sig6"
"667","TCGA-HI-7170","6",0.987,"Sig6"
"668","TCGA-HI-7169","6",0.987,"Sig6"
"669","TCGA-HC-A8D1","6",0.987,"Sig6"
"670","TCGA-HC-A8D0","6",0.987,"Sig6"
"671","TCGA-HC-A8CY","6",0.987,"Sig6"
"672","TCGA-HC-A76X","6",0.987,"Sig6"
"673","TCGA-HC-A76W","6",0.987,"Sig6"
"674","TCGA-HC-A6HY","6",0.987,"Sig6"
"675","TCGA-HC-A6HX","6",0.987,"Sig6"
"676","TCGA-HC-A6AS","6",0.987,"Sig6"
"677","TCGA-HC-A6AQ","6",0.987,"Sig6"
"678","TCGA-HC-A6AP","6",0.987,"Sig6"
"679","TCGA-HC-A6AO","6",0.987,"Sig6"
"680","TCGA-HC-A6AL","6",0.987,"Sig6"
"681","TCGA-HC-8266","6",0.987,"Sig6"
"682","TCGA-HC-8262","6",0.987,"Sig6"
"683","TCGA-HC-8261","6",0.987,"Sig6"
"684","TCGA-HC-8260","6",0.987,"Sig6"
"685","TCGA-HC-8259","6",0.987,"Sig6"
"686","TCGA-HC-8258","6",0.987,"Sig6"
"687","TCGA-HC-8256","6",0.987,"Sig6"
"688","TCGA-HC-8213","6",0.987,"Sig6"
"689","TCGA-HC-7820","6",0.987,"Sig6"
"690","TCGA-HC-7819","6",0.987,"Sig6"
"691","TCGA-HC-7818","6",0.987,"Sig6"
"692","TCGA-HC-7817","6",0.987,"Sig6"
"693","TCGA-HC-7737","6",0.987,"Sig6"
"694","TCGA-HC-7233","6",0.987,"Sig6"
"695","TCGA-HC-7232","6",0.987,"Sig6"
"696","TCGA-HC-7231","6",0.987,"Sig6"
"697","TCGA-HC-7230","6",0.987,"Sig6"
"698","TCGA-HC-7212","6",0.987,"Sig6"
"699","TCGA-HC-7211","6",0.987,"Sig6"
"700","TCGA-HC-7079","6",0.987,"Sig6"
"701","TCGA-HC-7075","6",0.987,"Sig6"
"702","TCGA-H9-A6BY","6",0.987,"Sig6"
"703","TCGA-H9-A6BX","6",0.987,"Sig6"
"704","TCGA-H9-7775","6",0.987,"Sig6"
"705","TCGA-G9-A9S4","6",0.987,"Sig6"
"706","TCGA-G9-A9S0","6",0.987,"Sig6"
"707","TCGA-G9-7523","6",0.987,"Sig6"
"708","TCGA-G9-7522","6",0.987,"Sig6"
"709","TCGA-G9-7519","6",0.987,"Sig6"
"710","TCGA-G9-7510","6",0.987,"Sig6"
"711","TCGA-G9-7509","6",0.987,"Sig6"
"712","TCGA-G9-6498","6",0.987,"Sig6"
"713","TCGA-G9-6496","6",0.987,"Sig6"
"714","TCGA-G9-6494","6",0.987,"Sig6"
"715","TCGA-G9-6385","6",0.987,"Sig6"
"716","TCGA-G9-6384","6",0.987,"Sig6"
"717","TCGA-G9-6378","6",0.987,"Sig6"
"718","TCGA-G9-6373","6",0.987,"Sig6"
"719","TCGA-G9-6371","6",0.987,"Sig6"
"720","TCGA-G9-6370","6",0.987,"Sig6"
"721","TCGA-G9-6367","6",0.987,"Sig6"
"722","TCGA-G9-6366","6",0.987,"Sig6"
"723","TCGA-G9-6365","6",0.987,"Sig6"
"724","TCGA-G9-6364","6",0.987,"Sig6"
"725","TCGA-G9-6356","6",0.987,"Sig6"
"726","TCGA-G9-6354","6",0.987,"Sig6"
"727","TCGA-G9-6353","6",0.987,"Sig6"
"728","TCGA-G9-6351","6",0.987,"Sig6"
"729","TCGA-G9-6348","6",0.987,"Sig6"
"730","TCGA-G9-6347","6",0.987,"Sig6"
"731","TCGA-G9-6343","6",0.987,"Sig6"
"732","TCGA-G9-6342","6",0.987,"Sig6"
"733","TCGA-G9-6339","6",0.987,"Sig6"
"734","TCGA-G9-6336","6",0.987,"Sig6"
"735","TCGA-G9-6333","6",0.987,"Sig6"
"736","TCGA-G9-6332","6",0.987,"Sig6"
"737","TCGA-G9-6329","6",0.987,"Sig6"
"738","TCGA-FC-A8O0","6",0.987,"Sig6"
"739","TCGA-FC-A6HD","6",0.987,"Sig6"
"740","TCGA-FC-A66V","6",0.987,"Sig6"
"741","TCGA-FC-A5OB","6",0.987,"Sig6"
"742","TCGA-FC-7708","6",0.987,"Sig6"
"743","TCGA-EJ-AB27","6",0.987,"Sig6"
"744","TCGA-EJ-AB20","6",0.987,"Sig6"
"745","TCGA-EJ-A8FU","6",0.987,"Sig6"
"746","TCGA-EJ-A8FS","6",0.987,"Sig6"
"747","TCGA-EJ-A8FP","6",0.987,"Sig6"
"748","TCGA-EJ-A8FO","6",0.987,"Sig6"
"749","TCGA-EJ-A8FN","6",0.987,"Sig6"
"750","TCGA-EJ-A7NM","6",0.987,"Sig6"
"751","TCGA-EJ-A7NK","6",0.987,"Sig6"
"752","TCGA-EJ-A7NJ","6",0.987,"Sig6"
"753","TCGA-EJ-A7NH","6",0.987,"Sig6"
"754","TCGA-EJ-A7NG","6",0.987,"Sig6"
"755","TCGA-EJ-A7NF","6",0.987,"Sig6"
"756","TCGA-EJ-A6RC","6",0.987,"Sig6"
"757","TCGA-EJ-A6RA","6",0.987,"Sig6"
"758","TCGA-EJ-A65M","6",0.987,"Sig6"
"759","TCGA-EJ-A65J","6",0.987,"Sig6"
"760","TCGA-EJ-A65G","6",0.987,"Sig6"
"761","TCGA-EJ-A65E","6",0.987,"Sig6"
"762","TCGA-EJ-A65B","6",0.987,"Sig6"
"763","TCGA-EJ-A46I","6",0.987,"Sig6"
"764","TCGA-EJ-A46H","6",0.987,"Sig6"
"765","TCGA-EJ-A46F","6",0.987,"Sig6"
"766","TCGA-EJ-A46E","6",0.987,"Sig6"
"767","TCGA-EJ-A46D","6",0.987,"Sig6"
"768","TCGA-EJ-A46B","6",0.987,"Sig6"
"769","TCGA-EJ-8474","6",0.987,"Sig6"
"770","TCGA-EJ-8468","6",0.987,"Sig6"
"771","TCGA-EJ-7797","6",0.987,"Sig6"
"772","TCGA-EJ-7794","6",0.987,"Sig6"
"773","TCGA-EJ-7793","6",0.987,"Sig6"
"774","TCGA-EJ-7792","6",0.987,"Sig6"
"775","TCGA-EJ-7791","6",0.987,"Sig6"
"776","TCGA-EJ-7788","6",0.987,"Sig6"
"777","TCGA-EJ-7786","6",0.987,"Sig6"
"778","TCGA-EJ-7785","6",0.987,"Sig6"
"779","TCGA-EJ-7781","6",0.987,"Sig6"
"780","TCGA-EJ-7331","6",0.987,"Sig6"
"781","TCGA-EJ-7330","6",0.987,"Sig6"
"782","TCGA-EJ-7328","6",0.987,"Sig6"
"783","TCGA-EJ-7327","6",0.966,"Sig6"
"784","TCGA-EJ-7321","6",0.97,"Sig6"
"785","TCGA-EJ-7318","6",0.97,"Sig6"
"786","TCGA-EJ-7317","6",0.97,"Sig6"
"787","TCGA-EJ-7314","6",0.97,"Sig6"
"788","TCGA-EJ-7218","6",0.97,"Sig6"
"789","TCGA-EJ-7125","6",0.97,"Sig6"
"790","TCGA-EJ-5532","6",0.97,"Sig6"
"791","TCGA-EJ-5531","6",0.97,"Sig6"
"792","TCGA-EJ-5530","6",0.97,"Sig6"
"793","TCGA-EJ-5527","6",0.949,"Sig6"
"794","TCGA-EJ-5518","6",0.947,"Sig6"
"795","TCGA-EJ-5517","6",0.906,"Sig6"
"796","TCGA-EJ-5515","6",0.881,"Sig6"
"797","TCGA-EJ-5512","6",0.927,"Sig6"
"798","TCGA-EJ-5511","6",0.83,"Sig6"
"799","TCGA-EJ-5510","6",0.883,"Sig6"
"800","TCGA-EJ-5509","6",0.858,"Sig6"
"801","TCGA-EJ-5508","6",0.832,"Sig6"
"802","TCGA-EJ-5506","6",0.804,"Sig6"
"803","TCGA-EJ-5505","6",0.746,"Sig6"
"804","TCGA-EJ-5503","6",0.763,"Sig6"
"805","TCGA-EJ-5502","6",0.629,"Sig6"
"806","TCGA-EJ-5501","6",0.522,"Sig6"
"807","TCGA-EJ-5498","6",0.567,"Sig6"
"808","TCGA-EJ-5497","6",0.565,"Sig6"
"809","TCGA-EJ-5496","6",0.378,"Sig6"
"810","TCGA-EJ-5494","6",0.199,"Sig6"
"811","TCGA-CH-5790","6",0.958,"Sig6"
"812","TCGA-CH-5789","6",0.958,"Sig6"
"813","TCGA-CH-5772","6",0.958,"Sig6"
"814","TCGA-CH-5767","6",0.958,"Sig6"
"815","TCGA-CH-5766","6",0.958,"Sig6"
"816","TCGA-CH-5765","6",0.958,"Sig6"
"817","TCGA-CH-5763","6",0.958,"Sig6"
"818","TCGA-CH-5750","6",0.958,"Sig6"
"819","TCGA-CH-5748","6",0.958,"Sig6"
"820","TCGA-CH-5746","6",0.958,"Sig6"
"821","TCGA-CH-5743","6",0.958,"Sig6"
"822","TCGA-CH-5739","6",0.958,"Sig6"
"823","TCGA-CH-5738","6",0.958,"Sig6"
"824","TCGA-CH-5737","6",0.958,"Sig6"
"825","TCGA-2A-AAYU","6",0.958,"Sig6"
"826","TCGA-2A-AAYO","6",0.958,"Sig6"
"827","TCGA-2A-AAYF","6",0.958,"Sig6"
"828","TCGA-2A-A8VV","6",0.958,"Sig6"
"829","TCGA-2A-A8VT","6",0.958,"Sig6"
"830","TCGA-2A-A8VO","6",0.958,"Sig6"
"831","TCGA-2A-A8VL","6",0.958,"Sig6"
"832","915-6115250","6",0.958,"Sig6"
"833","915-6115119","6",0.958,"Sig6"
"834","915-6115116","6",0.958,"Sig6"
"835","915-5115192","6",0.952,"Sig6"
"836","915-5115076","6",0.939,"Sig6"
"837","915-5115025","6",0.909,"Sig6"
"838","915-1115349","6",0.909,"Sig6"
"839","915-1115153","6",0.906,"Sig6"
"840","915-1115150","6",0.906,"Sig6"
"841","915-1115126","6",0.906,"Sig6"
"842","915-1115085","6",0.791,"Sig6"
"843","909-WCMC21014","6",0.725,"Sig6"
"844","909-WCMC21010","6",0.917,"Sig6"
"845","909-WCMC11040","6",0.917,"Sig6"
"846","909-WCMC10362","6",0.917,"Sig6"
"847","909-WCMC1","6",0.917,"Sig6"
"848","909-22171","6",0.917,"Sig6"
"849","909-21510","6",0.917,"Sig6"
"850","909-20990","6",0.917,"Sig6"
"851","909-20630","6",0.917,"Sig6"
"852","909-12730","6",0.917,"Sig6"
"853","554-8","6",0.917,"Sig6"
"854","554-7","6",0.917,"Sig6"
"855","554-3","6",0.903,"Sig6"
"856","554-2","6",0.904,"Sig6"
"857","554-1","6",0.889,"Sig6"
"858","447-STID0000003127","6",0.889,"Sig6"
"859","447-STID0000003048","6",0.889,"Sig6"
"860","447-STID0000003035","6",0.889,"Sig6"
"861","447-STID0000003034","6",0.904,"Sig6"
"862","447-STID0000003026","6",0.904,"Sig6"
"863","447-STID0000003023","6",0.904,"Sig6"
"864","447-STID0000002916","6",0.886,"Sig6"
"865","447-STID0000002872","6",0.868,"Sig6"
"866","447-STID0000002858","6",0.839,"Sig6"
"867","447-STID0000002762","6",0.844,"Sig6"
"868","447-STID0000002761","6",0.822,"Sig6"
"869","447-STID0000002740","6",0.864,"Sig6"
"870","447-STID0000002661","6",0.774,"Sig6"
"871","447-STID0000001043","6",0.718,"Sig6"
"872","447-STID0000000427","6",0.805,"Sig6"
"873","447-STID0000000099","6",0.849,"Sig6"
"874","447-09-649","6",0.726,"Sig6"
"875","447-09-5245","6",0.657,"Sig6"
"876","447-09-5094","6",0.694,"Sig6"
"877","447-09-3687","6",0.708,"Sig6"
"878","447-09-2517","6",0.658,"Sig6"
"879","447-09-2497","6",0.55,"Sig6"
"880","447-09-1580","6",0.59,"Sig6"
"881","447-09-1372","6",0.115,"Sig6"
"882","447-09-120","6",-0.11,"Sig6"
"883","447-08-590","6",0.378,"Sig6"
"884","447-08-2516","6",0.235,"Sig6"
"885","447-07-718","6",0.442,"Sig6"
"886","447-07-5036","6",0.382,"Sig6"
"887","447-07-360","6",0.559,"Sig6"
"888","447-06-3676","6",0.268,"Sig6"
"889","447-06-2325","6",0.925,"Sig6"
"890","447-06-1999","6",0.925,"Sig6"
"891","447-06-1696","6",0.925,"Sig6"
"892","447-06-1125","6",0.925,"Sig6"
"893","447-05-3829","6",0.925,"Sig6"
"894","447-05-3595","6",0.925,"Sig6"
"895","447-05-3440","6",0.925,"Sig6"
"896","447-05-3436","6",0.925,"Sig6"
"897","447-05-2594","6",0.925,"Sig6"
"898","447-04-639","6",0.925,"Sig6"
"899","447-04-594","6",0.925,"Sig6"
"900","447-04-47","6",0.925,"Sig6"
"901","447-04-3113","6",0.925,"Sig6"
"902","447-04-2740","6",0.925,"Sig6"
"903","447-04-2666","6",0.925,"Sig6"
"904","447-04-2641","6",0.925,"Sig6"
"905","447-04-194","6",0.925,"Sig6"
"906","447-04-1421","6",0.925,"Sig6"
"907","447-04-1367","6",0.925,"Sig6"
"908","447-03-871","6",0.925,"Sig6"
"909","447-03-870","6",0.925,"Sig6"
"910","447-03-3391","6",0.925,"Sig6"
"911","447-03-2620","6",0.925,"Sig6"
"912","447-03-2345","6",0.925,"Sig6"
"913","447-03-22","6",0.925,"Sig6"
"914","447-03-1906","6",0.925,"Sig6"
"915","447-03-1334","6",0.925,"Sig6"
"916","447-03-1026","6",0.925,"Sig6"
"917","447-02-254","6",0.925,"Sig6"
"918","447-02-2480","6",0.925,"Sig6"
"919","447-02-2035","6",0.925,"Sig6"
"920","447-02-1736","6",0.915,"Sig6"
"921","447-02-169","6",0.915,"Sig6"
"922","447-02-1562","6",0.915,"Sig6"
"923","447-02-1082","6",0.915,"Sig6"
"924","447-01-28","6",0.909,"Sig6"
"925","447-01-2554","6",0.906,"Sig6"
"926","447-00-160","6",0.876,"Sig6"
"927","447-00-1165","6",0.89,"Sig6"
"928","141-74","6",0.437,"Sig6"
"929","141-73","6",0.628,"Sig6"
"930","141-65","6",0.936,"Sig6"
"931","141-55","6",0.936,"Sig6"
"932","141-54","6",0.936,"Sig6"
"933","141-51","6",0.936,"Sig6"
"934","141-50","6",0.922,"Sig6"
"935","141-45","6",0.752,"Sig6"
"936","141-44","6",0.0872,"Sig6"
"937","141-42","6",0.978,"Sig6"
"938","141-40","6",0.978,"Sig6"
"939","141-37","6",0.978,"Sig6"
"940","141-32","6",0.978,"Sig6"
"941","141-13","6",0.834,"Sig6"
"942","141-24","6",0.978,"Sig6"
